{"translations":{"cCrSTii9yXy":"Close","bHf-pjjpSrh":"Messenger is offline","g2TuGL7kp7W":"Please check your connection. Anything you do in chats while offline, like send messages or change chat colors, will be completed when you connect to the internet.","KN5FuK9HL68":["Facebook User","74630a0214a11fa5068b0655daafe2de",1],"PmrYWcLl7s-":"Your message was not sent.","U3_S6m-Asci":"You can't reply to this conversation.","wwqS06IKURT":"You unsent a message.","_xK_oqrbVu3":"{user_name} unsent a message.","mtqLMpBAIfE":"Message hidden","AcX9AAMg2Jv":"You bumped a message.","nh5Ig-KQkRx":"{user_name} bumped a message.","r5f8SC2OUWe":"You","UxIyHnrkGvQ":"You sent a sticker.","6CXDyy4pKod":"{user_name} sent a sticker.","4jXDffqGKxc":"You sent an attachment.","XuMb0GRtMp2":"{user_name} sent an attachment.","adFbSa44M9G":"You sent a photo.","WRQpot61Zha":"{user_name} sent a photo.","AKC6gu2oXen":"You sent a GIF from {app_name}.","LLEsQ4Y9-C7":"{user_name} sent a GIF from {app_name}.","pQsKY3JdghI":"You sent a GIF.","VzXmY6Nofoo":"{user_name} sent a GIF.","C6rFQy3ZqgT":"You sent a video.","5sq-yY8-PHO":"{user_name} sent a video.","Y9RNnaq--9C":"You sent a voice message.","Tf8KEtj2NUW":"{user_name} sent a voice message.","VTdyPQ7H4GZ":"You sent a selfie sticker.","YPG0HYdjvfW":"{user_name} sent a selfie sticker.","j-o8KFpMPxd":"You shared a post.","zsY9ES-V3Ko":"{user_name} shared a post.","8PT2JtdeJx9":"You replied to a story.","H7eOZ8S6YOP":"{user_name} replied to a story.","qiicOieyAHd":"You sent a story.","TkSIon2AHjf":"{user_name} sent a story.","hs-XIkGvPGM":"you mentioned {user_name} in your story","78NZ4EbNix1":"mentioned you in their story","9P29njYEtVJ":"You sent a reel.","HqUxJ78yQEs":"{user_name} sent a reel.","4RDpwDU2bxj":"You sent an IGTV video.","sfM4caXMU8x":"{user_name} sent an IGTV video.","rMpUt8zHstd":"You shared a shop.","ZqoJBBTdmfd":"{user_name} shared a shop.","3bEfkOlWqZQ":"You sent a profile.","0LAhbzE2305":"{user_name} sent a profile.","Xv5h5VWZ1z-":"You sent a story highlight.","iwXmJRLI5oQ":"{user_name} sent a story highlight.","wrYW1iMsokY":"You sent a post.","jxXuvG9WsQ-":"{user_name} sent a post.","wezHuMnDNgf":"You mentioned {receiver_name} in your story.","V86-MgG4uJ1":"{user_name} mentioned {receiver_name} in your story.","9X7TkYsxkJ9":"You mentioned you in their story.","HgpZLsXXBv2":"{user_name} mentioned you in their story.","da1hGBDyrc0":"You sent a gaming update.","eB3RT9ZRPNU":"{user_name} sent a gaming update.","uVYFUqdjsDk":"You replied to your story.","JNmnqH9YpVN":"{user_name} replied to your story.","cjVmAaYlDK5":"You replied to their story.","tgAN3WazCx7":"{user_name} replied to their story.","rGkOrOdVN7r":"You sent an event link.","0c4ttO8K44x":"{user_name} sent an event link.","5wtZ0w7wjWl":"You shared a reel.","ZxojgdAFPM9":"{user_name} shared a reel.","81akEhn5rEe":"You tagged {receiver_name} in your post.","PlEQcZWgExs":"{user_name} tagged {receiver_name} in your post.","yntPigUfAxT":"You tagged you in their post.","4Sva9VujCUQ":"{user_name} tagged you in their post.","9gOGTtdjrZE":"You sent a link.","R5lkKLgSqO3":"{user_name} sent a link.","BCqXnePZxrY":"You sent a location.","NfWlT4Kxbzi":"{user_name} sent a location.","SH0YqdP7IKV":"You shared a contact card.","aEbyYGfOeat":"{user_name} shared a contact card.","mUkKfPWP8w_":"You sent a memory.","2bPnhlt5UjK":"{user_name} sent a memory.","LG-CVe6YeL2":"The audio call ended.","XSfhGJMwPL8":"The video call ended.","qL_GOsBRgrZ":"{user_name} missed your audio call.","LrXrY17Mwwh":"You missed an audio call from {user_name}.","NEO9buPurkr":"{user_name} missed your video call.","Qho_g3FF8mq":"You missed a video call from {user_name}.","Xxt66o3iPYX":"The audio call started.","v6KFXcykdOt":"The video call started.","0oa3QgNUtA3":"Missed group audio call","ypexge-6NRA":"Missed group video call","woc-8KLy7zj":"You sent a live location.","--XUHiOY0Z1":"{user_name} sent a live location.","vsnRcMCSSFJ":{"*":"You sent {number} photos.","_1":"You sent a photo."},"rG1E-FG-TxB":{"*":"{user_name} sent {number} photos.","_1":"{user_name} sent a photo."},"_H0KEIF4aGq":"You sent multiple attachments.","F5OxWfUB9Dy":"{user_name} sent multiple attachments.","3P1HxS_1jfg":"Reply to {other_user}","a5_sxn3ZWZn":"Reply to {other_user} and others","czVm_Pwt6t9":"{num_messages} new messages","h8shxIRIHov":"1 channel","cOR9lVJ4jCg":"{num_channels} channels","SWrWBV0LcfO":"Last message","-r9R1SJrWwS":"1 unread channel","Gzgbn2ufLNM":"{num_messages} unread channels","_P-lwtylUhP":"{other_user} sent a message.","YBxxz_Vibx6":"Pending approval","YRCmoad58uJ":"Going","_8aETeHXtHr":"Interested","byni3VHMHc8":"Not interested","ga21xjHrnrP":"Maybe","Q_LYP_ZLQTd":"Can't go","JBe8j08K09-":"Respond","bZt0xiZTnI-":"Request to join","LU51Dz-OBab":"See all","6vTlb2bku1-":"You bumped your message","TK1WqTTq979":"You bumped {participant_name}'s message","AI6Z85qZOTl":"{sender_name} bumped your message","1Mq5qyIkjxC":"{sender_name} bumped their message","Jm7dkp7Q46M":"{sender_name} bumped {reply_source_sender_name}'s message","YfSaJhpdv0H":"You replied to yourself","rouMYaFboPj":"You replied to {participant_name}","gln0mR6BSos":"{sender_name} replied to you","xBthZSMLrSR":"{sender_name} replied to themselves","Bfn4BTqFbTw":"{sender_name} replied to {reply_source_sender_name}","yQuJ1OMUVjP":"Add","3k8IWsw1-6Y":"You","JXT3riixpEu":"{user} turned on disappearing messages.","hI4gbzrBlXq":"Disappearing messages were turned on.","71WGCM_QR6l":"{preamble} Messages will disappear {time} after they're sent.","8dRN_uv1Ey6":{"*":"{number} seconds","_1":"1 second"},"ypkuSNWTmvD":{"*":"{number} minutes","_1":"1 minute"},"Gt2ASOwx3aR":{"*":"{number} hours","_1":"1 hour"},"BkWfpfnRWrH":"{user} turned off disappearing messages.","lritNDvzWHc":"Disappearing messages were turned off.","9dgVAem5HVe":"You cleared the chat history","4w1HQhVySfH":"Workplace User","Yz7gQUpuAdz":"Sidechat","KVOi7QtdIiz":"Facebook User","YIi23RvfAOM":"{user_name}'s audio","zy0vB4g7bUg":"{user_name}'s photo","Tjhx4Uo9tx2":"{user_name}'s video","ixrUZRszn_J":"{user_name}'s sticker","cOvKzCJo9pt":"{user_name}'s GIF","HW7JxEhyqTG":"{user_name}'s attachment","DIFtX0dJhWX":"You created a sidechat","7lkRbksMys6":"{receiver_name} didn't accept your payment of ${amount} within 7 days, so the money was returned to you.","VQfKxCig0vy":"{sender_name} made an update. You are receiving updates for {game_name} in this thread.","5SAbOrcrYuU":"You are receiving updates for {game_name} in this thread.","VQ2HMGY9wwv":"People in this thread are playing {game_name}. Messages are turned off for you.","JjXwyclLQBa":"{sender_name} made an update.","w7ck8Nknn5M":"You are now connected on Messenger.","ri623MWPdFQ":"{sender_name} scanned {receiver_name}'s QR code to start this chat."},"virtual_modules":["CometToast.react$fbt_virtual","LSLocalizedStrings$fbt_virtual","LSLocalizedStringsV2$fbt_virtual"]}