{"translations":{"coz4yRiHZKL":"Close","sqTeJmgA5ut":"Back","tnRfHlva-bL":"Close","6lD-XyRyuHe":"Loading...","jgmXxuToE9n":"Something went wrong.","0TvIFRfN8w3":"Something isn't working. This may be because of a technical error we're working to fix.","KMcDubR-DOw":"Tooltip above carat","slR4b0_0vCR":"Tooltip Below Carat","u8KZyQYF32G":"Tooltip Start Carat","Bcpwwi6aO6r":"Tooltip End Carat","IRLcUviYZ-b":"OK","xEJdAn7fswx":"You bumped your message","V_CNNTmY2Ph":"You bumped {name}'s message","e4ANPYcuBv3":"You bumped a message","Za_lnuBTLtf":"{sender_name} bumped your message","_jAChXL58Au":"{name} bumped their message","DhJx8omw4RX":"{sender_name} bumped {reply_source_sender_name}'s message","nH0a2aTUw0L":"{user_name} bumped a message","fyDhKh6gGJz":"Waiting for this message. This might take a while.","4OgzNQUOXys":"Message unavailable.","jc4jswoQ0uZ":"You sent a message but this browser can't show it.","rJAaVw-bGTJ":"You received a message but this browser can't show it.","uqLzpXLWV1L":"You sent a pinned location. Use the Messenger mobile app to see it.","arQtWP-wajD":"You received a pinned location. Use the Messenger mobile app to see it.","yYAB5ipDjSn":"You sent a poll. Use the Messenger mobile app to see it.","9_u_h4197t1":"You received a poll. Use the Messenger mobile app to see it.","Lucxb4lp5Bj":"You sent a contact card. Use the Messenger mobile app to see it.","l8E1YgNTl-P":"You received a contact card. Use the Messenger mobile app to see it.","eI2fGAdx8aY":"You sent a story mention. Use the Messenger mobile app to see it.","cgqiUXxl6Ro":"You received a story mention. Use the Messenger mobile app to see it.","6rTG-69neIL":"You mentioned someone in your note. Use the Messenger mobile app to see it.","rrd4aExCZRq":"Someone mentioned you in their note. Use the Messenger mobile app to see it.","rKW2TUo65Qw":"You received a message from Meta AI. Use the Messenger mobile app to see it.","wGbdzlw9c2x":"You sent a bumped message. Use the Messenger mobile app to see it.","ERQ_-V0YrzM":"You received a bumped message. Use the Messenger mobile app to see it.","QW1C8s0lKTa":"You received a sticker. Use the Messenger mobile app to see it.","G-xm1MPFQ2m":"You sent a sticker. Use the Messenger mobile app to see it.","kUWcn8afzj2":"Message sent before this device was added to this conversation. This message cannot be delivered.","Q-6u14LxgkX":"Message failed to deliver","f0lEvrX0NwD":"Story unavailable","KCDXWiSStNg":"This photo can only be viewed once. Use the mobile app to view.","QmDiAWEBf9c":"This video can only be viewed once. Use the mobile app to view.","28E9UX9VhHs":"You created this group","vc0hFTqTXzB":"{actor} created this group","nIQsgwg4jav":"This group was created.","ioocxZa3RHl":"You named the group {custom group name}.","BkA5SKyiWz8":"The group name was set to {custom group name}.","3pkJPr0kqiB":"{actor} named the group {custom group name}.","7HvCssg8rpe":"You added a new device to this conversation.","HcuOxk4Ti9n":"{actor} added a new device to this conversation.","z8kxY36E7hc":"You removed a device from this conversation.","CWI7wNEpg6X":"{actor} removed a device from this conversation.","dMTvVUpHIHh":"Your key has changed.","B5b_7hBmzMu":"{user_name}'s key has changed.","IquH8JP7g3o":"You added {user_name} to the group. They can only see messages sent after they were added.","6LexHwivW4N":"You added {user_name_1} and {user_name_2} to the group. They can only see messages sent after they were added.","xpYfCqAeoRq":"You added {user_name} and {number of participants} others to the group. They can only see messages sent after they were added.","6Z1J4va4_8C":"{actor} added you to the group. You can only see messages sent after you were added.","Usbik5t1nBt":"{actor} added you and {user_name} to the group. You can only see messages sent after you were added.","P_OgxVnWQoE":"{actor} added you and {number of participants} others to the group. You can only see messages sent after you were added.","bobEEsoK5wj":"{actor} added {user_name} to the group. They can only see messages sent after they were added.","XQQ_fX0JL2u":"{actor} added {user_name_1} and {user_name_2} to the group. They can only see messages sent after they were added.","gdN-cHBGTgb":"{actor} added {user_name_1} and {number of participants} others to the group. They can only see messages sent after they were added.","T1eI6-R4Ys3":"You removed {user_name} from the group.","_J2BJijyg1Y":"{user_name_1} removed you from the group.","GQYeJHPPFBL":"{user_name_1} removed {user_name_2} from the group.","7gBXJGJs1RC":"{name} left the group.","twBESU9lMQ5":"You left the group.","P-TnfmXUkkU":"{user_name} is now an admin.","TyOeMbh9c3n":"{user_name} is no longer an admin.","g2Y-AkokbQi":"You are now an admin.","QbDk7QLMtd0":"You are no longer an admin.","vcVM9mG_n59":"{actor} added you as a group admin.","0ly_0rO21jd":"{actor} removed you as a group admin.","aRkzLhFK0tk":"{actor} added {target} as a group admin.","wIEAcacoGC2":"{actor} removed {target} as a group admin.","BVroDb3uWvG":"You removed {target} as a group admin.","XW8QFefwwka":"You added {target} as a group admin.","-JHaYRzvfpN":"{actor} removed themself as a group admin.","h_Dfa2FiN92":"You removed yourself as a group admin.","3iBxxmwApDO":"You","4-ojL4cFyDj":"You sent a photo.","_R0NFo7psqZ":"You sent a video.","NHZzbHt5fju":"You sent a voice message.","GgLzAe6GAAY":"You sent a GIF.","WYnHcQZeijb":"You sent a sticker.","SkQ-qpSqtIH":"You sent an attachment.","Z9w9ch9TmJt":"You sent a post","-kgYEsPaCeZ":"You sent a reel","BxMycMKsI8g":"You sent a story.","AdIYNNW8_BB":"You sent an event.","HZfnisG5R39":"You sent a story highlight","Mv-TBSZDdsn":"You mentioned \u0040{user} in your story.","XUTKHUpfCZy":"Mentioned you in their story","NkOpuZkYe13":"You mentioned this user in your story","LFSYTOj65rJ":"{user} mentioned you in their story","u9NG1-EYfRE":"{user} sent a photo.","GZrAjs4uDve":"{user} sent a video.","B_Zg5gCb8wv":"{user} sent a voice message.","-LJU6ON9QlF":"{user} sent a GIF.","j_PEgQByu4Z":"{user} sent a sticker.","kF-N_lTEwQJ":"Sent a post","T_Dsx3yPqqa":"Sent a reel","1gzdEGkoXLS":"{user} sent an attachment.","V7iXBY7GwFs":"You sent a location.","b1af6uIHMmw":"{user} sent a location.","ssliyU4f4NG":"{user} sent a story.","_YfY9t5KQWL":"{user} sent an event.","8KU-2G3ySrJ":"Sent a story highlight","7Iefg1P6g_q":"Unavailable message","m7k67dqAe-2":"You can now message and call each other and see info like active status and when you have read messages.","aRupJlbtkO6":"You can now message and call each other.","NRCMN2f5KgC":"This account can't receive your message because they don't allow new message requests from everyone.","yoeh6xz8ysN":{"*":"Disappearing messages were turned on. Messages will disappear {number} seconds after they're sent.","_1":"Disappearing messages were turned on. Messages will disappear 1 second after they're sent."},"IR8E-wTaoC7":{"*":"Disappearing messages were turned on. Messages will disappear {number} minutes after they're sent.","_1":"Disappearing messages were turned on. Messages will disappear 1 minute after they're sent."},"FtQHajIZT7O":{"*":"Disappearing messages were turned on. Messages will disappear {number} hours after they're sent.","_1":"Disappearing messages were turned on. Messages will disappear 1 hour after they're sent."},"X1cC2Zoa_3e":{"*":"Disappearing messages were turned on. Messages will disappear {number} days after they're sent.","_1":"Disappearing messages were turned on. Messages will disappear 1 day after they're sent."},"q1Dv0IsA2nN":{"*":"You turned on disappearing messages. Messages will disappear {number} seconds after they're sent.","_1":"You turned on disappearing messages. Messages will disappear 1 second after they're sent."},"p0MNCtvKqaA":{"*":"You turned on disappearing messages. Messages will disappear {number} minutes after they're sent.","_1":"You turned on disappearing messages. Messages will disappear 1 minute after they're sent."},"kwfHljZ5QBG":{"*":"You turned on disappearing messages. Messages will disappear {number} hours after they're sent.","_1":"You turned on disappearing messages. Messages will disappear 1 hour after they're sent."},"LHoPMyBE8HS":{"*":"You turned on disappearing messages. Messages will disappear {number} days after they're sent.","_1":"You turned on disappearing messages. Messages will disappear 1 day after they're sent."},"rFeQsz2D0mv":{"*":"{user} turned on disappearing messages. Messages will disappear {number} seconds after they're sent.","_1":"{user} turned on disappearing messages. Messages will disappear 1 second after they're sent."},"vASZV8VZvhw":{"*":"{user} turned on disappearing messages. Messages will disappear {number} minutes after they're sent.","_1":"{user} turned on disappearing messages. Messages will disappear 1 minute after they're sent."},"Xyk76kpov4j":{"*":"{user} turned on disappearing messages. Messages will disappear {number} hours after they're sent.","_1":"{user} turned on disappearing messages. Messages will disappear 1 hour after they're sent."},"qtvuopqU1MA":{"*":"{user} turned on disappearing messages. Messages will disappear {number} days after they're sent.","_1":"{user} turned on disappearing messages. Messages will disappear 1 day after they're sent."},"tOdgin1piov":{"*":"Disappearing messages were changed. Messages will disappear {number} seconds after they're sent.","_1":"Disappearing messages were changed. Messages will disappear 1 second after they're sent."},"tU7ZycHCBtt":{"*":"Disappearing messages were changed. Messages will disappear {number} minutes after they're sent.","_1":"Disappearing messages were changed. Messages will disappear 1 minute after they're sent."},"SXTBhBt2NNW":{"*":"Disappearing messages were changed. Messages will disappear {number} hours after they're sent.","_1":"Disappearing messages were changed. Messages will disappear 1 hour after they're sent."},"oSyzRtJUP0d":{"*":"Disappearing messages were changed. Messages will disappear {number} days after they're sent.","_1":"Disappearing messages were changed. Messages will disappear 1 day after they're sent."},"J_nCpYMiV9y":"Messenger upgraded the security of this chat. New messages and calls are secured with end-to-end encryption.","cFpYB9yRAJx":"Messenger upgraded security. Messages in your other chat have been archived.","2BRCng4CCeO":"Instagram upgraded the security of this chat. Messages and calls will be secured with end-to-end encryption.","EP_oerZBdU2":"Previous messages may be in your other chat.","djtpytkb6Sh":"An unrecognized device was detected on your account. We recommend comparing your keys with your contacts to secure the chat.","hcupvvFLxCq":{"*":"You changed disappearing messages. Messages will disappear {number} seconds after they're sent.","_1":"You changed disappearing messages. Messages will disappear 1 second after they're sent."},"fBAvJP2p_1B":{"*":"You changed disappearing messages. Messages will disappear {number} minutes after they're sent.","_1":"You changed disappearing messages. Messages will disappear 1 minute after they're sent."},"4ozbPFF4k4a":{"*":"You changed disappearing messages. Messages will disappear {number} hours after they're sent.","_1":"You changed disappearing messages. Messages will disappear 1 hour after they're sent."},"WyaiaRRbnKj":{"*":"You changed disappearing messages. Messages will disappear {number} days after they're sent.","_1":"You changed disappearing messages. Messages will disappear 1 day after they're sent."},"iNw3Tti4Hyx":{"*":"{user} changed disappearing messages. Messages will disappear {number} seconds after they're sent.","_1":"{user} changed disappearing messages. Messages will disappear 1 second after they're sent."},"fCn7GcPwiSh":{"*":"{user} changed disappearing messages. Messages will disappear {number} minutes after they're sent.","_1":"{user} changed disappearing messages. Messages will disappear 1 minute after they're sent."},"g-ahVqaxxG1":{"*":"{user} changed disappearing messages. Messages will disappear {number} hours after they're sent.","_1":"{user} changed disappearing messages. Messages will disappear 1 hour after they're sent."},"WlJQEt8_oGK":{"*":"{user} changed disappearing messages. Messages will disappear {number} days after they're sent.","_1":"{user} changed disappearing messages. Messages will disappear 1 day after they're sent."},"Loj0OkThL6V":"Disappearing messages were turned off.","tR4q6c00--C":"You turned off disappearing messages.","M2dZfT7rhFT":"{user} turned off disappearing messages.","iGMaDEsRW87":"Disappearing messages were turned off. Turn them back on to have messages disappear 24 hours after they're sent.","HpovaTJp70W":"You unsent a message","zbO84srNMHF":"{first name} unsent a message","31MoZ8hsHC1":"{name} reacted {emoji} to your message","5oboVZPgKpA":"Reacted {emoji} to your message","j47-K7rZuN_":"A screenshot was taken.","NNSrUYXKqRz":"Current screen was recorded.","7NL8DHtxILK":"You took a screenshot.","vrGwrec4csR":"You recorded the screen.","GAoFX2GSYx-":"{user} took a screenshot.","f2dqrRKp1Rl":"{user} recorded the screen.","84N8vT7fmIh":"Messages and calls are secured with end-to-end encryption.","k7nqRDWCEqt":"Someone added you to the group. You can only see messages sent after you were added.","vzYvZZNuBUQ":"Someone added you and {user_name} to the group. You can only see messages sent after you were added.","kEvDhH7xulF":"Someone added you and {number of participants} others to the group. You can only see messages sent after you were added.","xyM-QHTai_C":"Someone added {user_name} to the group. They can only see messages sent after they were added.","5P3Id9aMhA-":"Someone added {user_name_1} and {user_name_2} to the group. They can only see messages sent after they were added.","8qUm4dkQH-w":"Someone added {user_name_1} and {number of participants} others to the group. They can only see messages sent after they were added.","3CQShXTU-3b":"You missed a call from {user}.","ZdLYEgeUYUi":"You missed a call from a contact.","hSqnAb21UU0":"{user} missed your call.","FhbzN0qv73L":"A contact missed your call.","YM-2KpKGx7o":"You missed a video call with {user}.","rUeoGw7ywMT":"You missed a video chat from a contact.","PRszNN6obpG":"{user} missed your video call.","IdxQnq18Kxe":"A contact missed your video chat.","qpT_2Hq8aLK":"You called {user}.","1D3Mug6ESYE":"You called a contact.","Q2D56NwN4Z2":"{user} called you.","-LOVer9reHI":"A contact called you.","N6tiOur0IeU":"The video chat ended.","281zrADSR3K":"You started a call.","BRFQbCVtB3g":"{user} started a call.","Y_6qv9Uzxa8":"A contact started a call.","-bjuy5QVW7S":"You started a video chat.","G7PmoxqH97J":"{user} started a video chat.","6N0ah9mUAzA":"A contact started a video chat.","EEsmX-_LHlK":"You set the quick reaction to {emoji}.","6MdK4yng1UK":"{participant_name} set the quick reaction to {emoji}.","GyMG8O-C9S5":"You set the nickname for {participant_name} to {nickname}.","WKommDcgo9P":"You changed the theme to {theme_name} {theme_emoji}.","t4yd3Wxrq8W":"You changed the theme to {theme_name}.","yuNBxRHgSDK":"You changed the group photo.","Zr0kCIYub20":"You pinned a message.","VWcKR_3CcNp":"You unpinned a message.","yI8AwJDDXA8":"{participant_name_1} set the nickname for {participant_name_2} to {nickname}.","Nu4trdH0AZV":"{participant_name_1} cleared the nickname for {participant_name_2}.","pUsACsMNiGM":"{participant_name} changed the theme to {theme_name} {theme_emoji}.","5cPy2yotEtg":"{participant_name} changed the theme to {theme_name}.","Dxwz5K9j7Bk":"{participant_name} changed the group photo.","40grJO79VQ_":"{participant_name} pinned a message.","mXVL0NDisiY":"{participant_name} unpinned a message.","6qQ7QWA5Qmg":"{participant_name} set your nickname to {nickname}.","oAeegILBLai":"You set your nickname to {nickname}.","NEVYqiJ_yny":"You cleared your nickname.","QyW1FG-2acm":"You cleared the nickname for {participant_name}.","-bMyTbFv0nI":"{participant_name} set their own nickname to {nickname}.","Yhh1rYSenJQ":"{participant_name} cleared their own nickname.","cwzLDs_ko4T":"{participant_name} cleared your nickname.","x0YG4R4fIWJ":"You changed who can add people to admins only.","OS47S8NROIK":"You changed who can add people to all members.","qoR_RAXP6cF":"{participant_name} changed who can add people to admins only.","QFNAQIQatHV":"{participant_name} changed who can add people to all members.","BGd7wYLVNyr":"A chat admin changed who can add people to all members.","ogqmOECI7p3":"A chat admin changed who can add people to admins only.","qNfUY0OKWF7":"{Platform Name} User"},"virtual_modules":["CometHideLayerOnEscape.react$fbt_virtual","FDSIcon.react$fbt_virtual","FDSDialogHeader.react$fbt_virtual","FDSDialogLoadingStateHeader.react$fbt_virtual","FDSDialogLoadingState.react$fbt_virtual","handleCometErrorCodeSideEffects$fbt_virtual","getLoadingStateAriaProps$fbt_virtual","CometTransientDialogProvider.react$fbt_virtual","FbtErrorListenerWWW$fbt_virtual","fbt$fbt_virtual","BaseTooltipAboveCarat.svg.react$fbt_virtual","BaseTooltipBelowCarat.svg.react$fbt_virtual","BaseTooltipEndCarat.svg.react$fbt_virtual","BaseTooltipStartCarat.svg.react$fbt_virtual","CometExceptionDialog.react$fbt_virtual","getMAWLocalizedBumpMsgReplySnippet$fbt_virtual","getMAWLocalizedFallbackMsgSnippet$fbt_virtual","MAWAdminMsg$fbt_virtual","MAWSubscribeToContactNames$fbt_virtual"]}