{"translations":{"GWeGP0j1NWF":"Learn more","dzG08k88Xfs":"Sorry, we're having trouble playing this video.","pymzrO9zrya":"Play video","neZzFA-dHLC":"Pause","HFCl7btmLVQ":"Replay","Pdft-1wnTrL":"Play","3cUloDtyzSK":"Play from beginning","jTksR1FMT97":"Skip to end","69czi8qDKMx":"Change Position","Fazg7jyI-AJ":"Fast forward 10 seconds","Hz44qTuOc36":"Fast forward 5 seconds","fXj-dMG-OtJ":"Rewind 10 seconds","KzLU7zLc4h8":"Rewind 5 seconds","2eve7xHkp9w":"Unmute","5xFv4FPvBT3":"Mute","2--dERDMJls":"Increase volume","rnGEAKbNBgc":"Decrease volume","qjrL7gM7Ew1":"Change volume","9V8QrautPXH":"Some messages are missing. Enter your PIN to restore your chat history.","UY_FDJp7Rzt":"Forgot PIN?","rIytKXj5Yr0":"Use a one-time code instead","6pjlJMQcqkh":"Enter your PIN to restore your chat history","92mf973T2UM":"Incorrect PIN. Try again or use a one-time code.","TG8l6XqQAul":"Incorrect PIN. Try again.","oI6Lha5PMTv":"There was an error while using the PIN Code, please try again","lBlURV9iIv0":"Incorrect code. Try again.","rIH_-tfv2x2":"Code not found. Try resending a new code.","WypD50Gdi03":"Too many attempts. Try again later.","7uRJ4wtXcoz":"Code expired. Try generating a new code.","XUu1h3R4qPj":"Something went wrong. Please try again.","ndaWq552FSK":"Couldn't send code. Please try again.","WoNRZZnIdhP":"Couldn't load trusted devices. Please try again.","ZdKKLkchlbs":"Check Messenger or Facebook on your mobile device for a one-time code","mdY4-jjsr2I":"Enter your one-time code","UA_X5BHDdA7":"Resend code","UdIx77e_03V":"View your devices","94rkJHAT5R0":"Need help?","qB8i3rbuT2p":"After confirming on {device} that you requested a code, you can enter it here.","l-i0ZTsx1AJ":"your mobile device","lzSAd4UfKCU":"Check Messenger or Facebook on your mobile device for a one-time code. After confirming that you requested a code, you can enter it here.","47yJJ8U23lB":"[meta-only] please rageshake from both devices (mobile and web) when reporting an OTC bug","G3IwntRJlbU":"Verifying your code","hzCD1i1Wn-E":"Enter code","8OCZxcRqTua":"Check Messenger or Facebook on your mobile device for a one-time code","wQDh8Xe3noO":"After confirming on {device} that you requested a code, you\u2019ll be asked to enter it here.","EG07cVojIno":"After confirming that you requested a code, you\u2019ll be asked to enter it here.","CJ-H7hw2E8Q":"Your devices","igJ7_fPkBWf":"This means that you won't see your full chat history on this device.","mJ4KzCvoneV":"This means you won't see your full chat history on this device and new messages you send or receive may not load on other new devices.","NclomsdgTqa":"Don't restore messages","Lc-TiofSivN":"Continue without restoring?","Wo2O5nlXhKT":"Add reaction","czR8vxcW0mN":"React","GTBXwO8BaZr":"Loading...","KVtJcih6CQz":{"*":"and {count} others","_1":"and {count} other"},"g_e4jdcSB-i":"See all reactions","S6Ab1Epvc_N":"Show all reactions","cCrSTii9yXy":"Close","mrw3CpFXi7r":"Open photo","jCbL2nmLvOs":"Couldn't download","BGxC_0TtXwE":"Retry","tnRfHlva-bL":"Close","4FAWQwvEk9h":"Member requests","8y8AMiPf1gZ":{"*":"{number} people want to join","_1":"1 person wants to join"}},"virtual_modules":["VideoPlayerFallbackLearnMoreLink.react$fbt_virtual","VideoPlayerFallbackCover.react$fbt_virtual","VideoPlayerPlayButton.react$fbt_virtual","VideoPlayerPlaybackControlBase.react$fbt_virtual","VideoPlayerScrubberBase.react$fbt_virtual","VideoPlayerScrubber.react$fbt_virtual","VideoPlayerSmallPlayButton.react$fbt_virtual","VideoPlayerVolumeControlBase.react$fbt_virtual","VideoPlayerVolumeSliderBase.react$fbt_virtual","MWChatEncryptedBackupsPinCodeRestoreStep.react$fbt_virtual","MWEBOTCErrorMessages$fbt_virtual","MWEncryptedBackupsInsertOTCStep.react$fbt_virtual","MWEBOTCCheckFirstStep.react$fbt_virtual","useMWAbandonRestoreConfirmationDialog$fbt_virtual","MWMessageReactionIcon.react$fbt_virtual","MWAddReactionButton.react$fbt_virtual","MWChatMultiReactionsTooltip.react$fbt_virtual","MWExpandReactionsButton.react$fbt_virtual","FDSCallout.react$fbt_virtual","MAWInboxInfoPhotoGalleryItem.react$fbt_virtual","MWV2SecureFileAttachmentErrorGalleryPlaceholder.react$fbt_virtual","MDSQuickPromotionCard.react$fbt_virtual","MWInboxInfoMemberRequests.react$fbt_virtual"]}