{"translations":{"hwf7JoNGQNh":"Exit fullscreen","5hSxdUd3nQi":"Enter fullscreen","VtoypU98LZ_":"Pause video","hpqc6JvA6ND":"Play video","pymzrO9zrya":"Play video","OCDN7D7X_lH":"Video has no sound","OuqKl-7-Xbl":"Muted due to copyright claim","SxiQArhdkrI":"Partially muted due to copyright claim"},"virtual_modules":["VideoPlayerFullscreenControl.react$fbt_virtual","useVideoPlayerClickToPauseInteraction$fbt_virtual","useVideoPlayerClickToPlayInteraction$fbt_virtual","MWVideoPlayerPlayButton.react$fbt_virtual","useVideoPlayerVolumeControlAudioAvailabilityUI$fbt_virtual"]}