{"translations":{"bTzlM2_yLZR":"Latency","Wdbuy3igQMj":"A near-realtime experience.","irPLSyzsox6":"Low latency","dcU5TOtw40F":"Best for performance and slower connections.","PL-fSmiQjO2":"Normal","99h8y4YbicW":"Best for interactive broadcasts.","U6zABNuSUIw":"Ultra-low","TWLERIjePxH":"Error","hdHWHqmjZsu":"Default","o78TwtXYLzL":"Dubbed","RD4iOZMCCPX":"Description","IJWa3i0ku9h":"Close captions menu","_JkqGHU6s6W":"Background Color","4Nh73Z-aeW_":"Background Opacity","M3skPlj7iF_":"Text Color","U5jCK0KgfGO":"Text Size","A4ukiml3pYS":"Black","IpnzJ1LIfYB":"Blue","o9RFd4r9BR3":"Cyan","oOxxTNBullx":"Green","Ld9joX9Wzr7":"Magenta","4r3EzkN_IgK":"Red","i_Mq3bSjDEc":"White","M1JGv_1IGWD":"Yellow","jOdOc9Kt75y":"Small","W4ixrK_j61o":"Large","a7N3n7jAB1i":"Medium","JdYTKKzsT-t":"Subtitle Options","61S-FIBVxhC":"(Provided by Author)","e5FM_cV1hlu":"Off","OIavC7F1dep":"See more","ety7kKeVKSL":"See less","LFEdNCYpX2s":"Subtitles","H44BsQl2goa":"Options","uZTU9s4hTUD":"Auto-generated","RzG6zhlG9t4":"Captions","n4AAlvyuR-n":"Cast video to your TV","RGl3xYzfsQu":"Collapse comments","cFY-7gJEvdn":"Expand comments","kXpbNzjk3HM":"Show comments and reactions","eNC0h5sAaC-":"Hide comments and reactions","0EdCFWvij7o":"Quality","hdERtczUAO6":"Auto","hGEFqYmPW2a":"Close video settings menu","uSP5cmmYsOX":"Audio","8IenQAQlVCL":"Playback Speed","uy1byBD2qL2":"Set the playback speed to {playback_rate_option}{is_playback_rate_option_selected}","pan0Y10zXIi":"Auto","uL7pUaxPcnz":"Settings","cTRQbv1sbZ0":"Continue watching while you browse Facebook.","B-CiurI5Nqm":"Continue watching while you use Workplace","1NTpM1RL-cA":"Continue listening while you browse Facebook.","AQMjhAwOZ46":"Enter Picture in Picture Mode","VF7_ry1JLc_":"The broadcast is waiting for a signal. It should resume shortly.","BFvlG3IxPd7":"Waiting for Live Video Signal","xBAImOW2o36":"Includes numbers and letters","T0C_5M__5DH":"Submit","7iiwqV3Z6Ok":"Enter your 40-character code to get your chats on this device","TJHhepIDy5c":"Don\u2019t have 40-character code?","rIytKXj5Yr0":"Use a one-time code instead","8BMtxO3Z_MC":"Restore your end-to-end encrypted chats","a6pa6P3ejkP":"Incorrect 40-character code. Try again.","azfzhOvLeld":"Enter PIN","JYt7hk4FEPk":"Can\u2019t create PIN?","r-UBPe_4xvO":"Create a PIN to restore your chats","I5BWRfz9kj6":"Step 1 \u00b7 Find your mobile device","YY2LOLmFWfY":"It needs to have secure storage turned on.","yk1kU3qH_5u":"Learn more","6OnapwRiU-I":"Step 2 \u00b7 Create a PIN on that device","Hyp2Dk13FKd":"1. Go to Messenger Settings","KtIvQ3G8r-K":"2. Tap {=m1}","mnPynM3vIb8":"Privacy & safety","YLnPm0Rvu_i":"3. Tap {=m1}","8Oq20T6QwSt":"End-to-end encrypted chats","dcWuBtf7NYq":"4. Tap {=m1}","77TxUD_SsSW":"Message storage","M34cp2-7gGO":"5. Tap {=m1}","0dYzuV-3JUF":"Create PIN","DnKZRulcqGe":"Enter new code","wkez3K_SoHV":"Can\u2019t generate code?","qROoBeCmzeY":"Generate a new code to restore your chats","D6e8Mh9DE8a":"It needs to have secure storage turned on. It\u2019s likely to be the device you used to create your original 40-character code.","aZTN0eX3kw4":"Step 1 \u00b7 Find your other device","HG5XJ8DHe4v":"1. Go to Messenger Settings","ZfRAIOlNhhF":"2. Tap {=m1}","8h6q580afos":"3. Tap {=m1}","zjeJsY65s-m":"4. Tap {=m1}","TJHGYNx1Byx":"5. Tap {=m1}","ORhXAbatdS9":"Generate recovery code","csYZJmhxxDs":"Step 2 \u00b7 Generate a new code on that device","5c2KiSYPIxj":"Enter 40-character code","ePYUiQEv2Jf":"Generate a 40-character code to restore your chats","j4tUcRVJrVr":"Step 1 \u00b7 Find your mobile device","hQg7W1bnBGs":"It needs to have secure storage turned on.","OH5p9xCgdX1":"Learn more","PbR9w7iOzwd":"Step 2 \u00b7 Generate a 40-character code on that device","aG4R6bxLQ0N":"More ways to restore","MeLYonSVEOM":"Here are some others options to get your end-to-end encrypted chats.","S1KydYJcRDi":"Reset your PIN from your other device.","QIw_F3RIyEo":"Reset your PIN","yY8fizSLvt5":"Enter 40-character code","JiPJcQZ2ODs":"Restore your end-to-end encrypted chats with your mobile device","KBLSFG_4ok9":"Try one of these methods to get your chats on this device.","U-M3lpEzQQ_":"Learn how to create a PIN","X81OWLrHpAK":"Learn how to generate a 40-character code","59h3MiqWG3h":"Changes to secure storage settings","xk-lYYT5IJ6":"After you restore chat history, messages will continue to sync automatically even if you log out and log back in. You can turn this off in {[Armadillo] Inline settings link parameter.}.","qiar5_IsMjA":"Settings","kY0Bx2GYIxv":"OK","S6uVrUILoAH":"More options","1X9MF4cowY9":"Choose a way to restore chat history. You can also continue without chat history.","yvGg-Qb4PZo":"Get a code sent to a mobile device where you\u2019ve recently used Messenger.","L7kzbcXm2Sk":"Send a one-time code","ZCep7nFsJ3n":"Use the 40-character code you generated during setup to see chat history on this device.","qZFJcCPvvtk":"Messages will be missing on this device.","fqR_0SOwJUV":"Continue without chat history","94rkJHAT5R0":"Need help?","95blpFaRbPC":"Send code","OFSirhauIwo":"More Options","c_s23abhnt6":"Send a one-time code to restore your chat history","tNC5yN0XFze":"Get a one-time code from the Messenger or Facebook mobile app to restore your chat history on this device.","TG8l6XqQAul":"Incorrect PIN. Try again.","oI6Lha5PMTv":"There was an error while using the PIN Code, please try again","q7gZd-Mj8BZ":"Chat history is missing","07SnZApOaT1":"Enter your PIN to restore chat history.","4xGkXp7jS2s":"Close","FFwEA7rGUbF":"Use a one-time code instead","UY_FDJp7Rzt":"Forgot PIN?","OuaeMHC1hyC":"Missing chat history.","KfRv84gajDv":"Restore now","QhOFgxp42ZR":"Chat history is missing","7lrVIuZIr_a":"Enter PIN","0s9MoJF_J95":"Restore now","c-xwKDcXpSY":"Enter 40-character code","VcY2jgkRWO-":"Enter your PIN to see messages that aren't loaded on this device.","oJuWWcw2MCh":"Enter your 40-character code to see messages that aren't loaded on this device.","MFhuz6OB9p3":"Your devices","rgoYqsLs8Qq":"Resend code","kVQyhECs96C":"Can\u2019t access the code?","t7U8UIKqWo9":"Open your app on one of these devices to get a one-time code.","1V4qdh25Bnb":"This is a browser feature intended for developers. If someone told you to copy-paste something here to enable an Instagram feature or \"hack\" someone's account, it is a scam and will give them access to your Instagram account.","JSeBwAKhGJH":"This is a browser feature intended for developers. If someone told you to copy-paste something here to enable a Threads feature or \"hack\" someone's account, it is a scam and will give them access to your Threads account.","S8hqZ4zKptW":"This is a browser feature intended for developers. If someone told you to copy-paste something here to enable a Facebook feature or \"hack\" someone's account, it is a scam and will give them access to your Facebook account.","4REdQ6uuqzn":"Stop!","1jNE2MHDhX-":"See {url} for more information.","GbFoxuI3sCw":"Sorry! Something went wrong :(","Twor-U8sZs8":"Your internet connection was restored.","mzjg0e604Yh":"Refresh","px_Aor7szAo":"You are currently offline.","dV9Vz_8TRow":"Confirm","vfZ0qXC5Zmr":"Cancel","dhtpcLgifst":"You're now interacting as {=m2}","IxzOnYaj38q":"your profile","Kzzb7vg3fH_":"You're now interacting as {actor}","5H6uPNdlprd":"Notifications will not appear when the app is closed","mtTe38ST7QE":"Please open the Messenger app to see your notifications.","oE04FVLR0CK":"Push notifications request","gW3M_fEDpFx":"To allow or block browser notifications from Facebook, go to your browser settings.","uufiRayKSVE":"Close","cCrSTii9yXy":"Close","UwQqfUGZ3gt":"View security alerts","J377dyVYOvt":"Security alerts","UTcDai7d8DF":"View and manage alerts for logins and key changes","JWbFdA1Rx6I":"Previews","kWP0qUys9Dw":"See previews of Facebook content","M9Dqysg6PV6":"Show previews","mhkvcFa46YK":"See previews of Facebook content like posts, stories and reels in your end-to-end encrypted chats.","R4ScHt7aueT":"Learn more","poOqZsY43mp":"Message storage","XgMTfStFEIw":"Manage how you store and access your chat history.","zuHjNmdQ8AD":"On","YsrKpzbN1OC":"Off","r6kzKoNm-ho":"End-to-end encrypted chats","dUg668z9Ul0":"Manage your end-to-end encrypted chat settings","pWg6bFBFRzx":"Privacy & safety","DcM8TCyeV5W":"Confirm deleting persisted state for encrypted backups?","m8lIvy2pF-q":"Cancel","pOCM-0rZl3_":"Delete","icqZlIIHBX0":"Clear Messaging Data","lM007x7UQKh":"Supervision","ZBWFHBYdv28":"Report to admins","jtx35QWIxS3":"Report to Facebook","qsj_NN7HBOy":{"media":"Syncing media...","files":"Syncing files...","links":"Syncing links..."},"F8T32CBQRfW":{"files may be":"Some files may be missing.","links may be":"Some links may be missing.","media may be":"Some media may be missing."},"LQMCgf275AT":"Restore now","IqleJARHzOk":"Edit username","DfxWgrx2TO4":"Cookie Policy","MTNaLMBMu4i":"Cookie settings","Nqa13JcobKk":"Log out","eJP9dpTCmG0":"Restricted accounts","XDtLWcftVaB":"Download your information","aBKj5dqxz8K":"Inbox settings menu","eqYqxmQJvsj":"Preferences","ehDyA5Bu0Ni":"Message requests","g0xPJguoMdB":"Archived chats","dj3Jwhr0CVf":"Help","EMd2E8yTDbT":"Report a problem","iV2OddJlExb":"Terms","dv0U-lBKZ9F":"Privacy Policy","_bB3tvo90IJ":"Delete your account","HrskqaLxsoO":"Bad response","UiU1vrQt_qf":"Good response","tnRfHlva-bL":"Close","645ugDJYeSD":"Edit","xqsOpg5ebEg":["Invalid file format","f90fb65f92ad8ac33f140b8be3c9eed1",1],"rp1B2ks3qwV":"The file you have selected is not a valid format.","stZga-a6f__":"Upload failed","SDjIWKr-fud":"Pin","mSiYCxxiHcw":"Unpin","HlC08Cr4XB6":"Create prompt","GvPr2MwluxY":"Forward","czR8vxcW0mN":"React","xWxZXNnPg5R":"Remove message","aZBgMpvjfUJ":"Unsend","hqbvAdrkmFp":"Remove","wRpD3fcjpBu":"Images that failed to load won't be unsent","71BaBYgvwkL":"Images that failed to load won't be removed","xFCj85w6vra":"Reply","d_L8PCP9wn0":"You've reported a message to the group admins.","N-iMIiU3yyg":"If you report this message, it will be sent to group admins for review.","m9ILY9EaLLQ":"Report","ZQlRxOvru63":"Report message to group admins?","Un1168J6Rxb":"Report to group admins","xVGUtEB2kuN":"More actions","2SjbZXVdFlO":"Report to Facebook","cIw3E4_ka0G":"{user's name}","tNVvdc3BFrb":"Incoming video chat","g-EGCs7nK0S":"Incoming call","xQCntgBdfrr":"Incoming group video chat","P8yKBnycp5c":"Incoming group call","Cy_ySzw9b09":"{caller name} is calling you. Click to answer.","-ecQvdNdcfW":"End-to-end encrypted","lLvypHbTeYz":"Incoming group video call","E5uMxVlOys1":"{name} invited you to a group video chat","vTIK0p-NqNH":"Incoming group audio call","k3FKWh9ZadY":"{name} invited you to a group call","CIJdm48Noob":"Incoming video call","Eplm4Qo5zzt":"Incoming audio call","IewfM-xG2nK":"{name} is calling {page}","PWAbxoD9AAl":"{name} is calling you","dpE3kinjxKt":"Accept","dTblojfehN7":"Decline","pISuXhjR7Xl":"The call will start as soon as you accept","d62h3ObkIif":"Incoming call","gaBcb3A0ac3":{"*":"You missed a group call from {caller}"},"oYTKHbmjvdl":"You missed a group call","d_49GG-7G7P":{"*":"You missed a call from {caller}"},"qjr_m32VN_V":"You missed a call","EBp4M17vY4j":"Call back","GgiLHNwW0uJ":"Close","6OttBPSrAFd":{"*":"{caller}"},"kTzyPp9VwB9":"Missed call","yg5Wj05Olkt":"You missed a call from {caller name}","N8i901ca52j":"You missed a group video chat from {caller name}","DUJ5tOEW6-x":"You missed a group call from {caller name}","w3CZsnYYCtS":"Join","EugSOocwBfG":"Close","bMJmvEBqc28":"Missed call from {room name}","MwALAshovbD":"{name} is calling","L-rxpu3ax8O":"Move to parent menu","hxu2eUUYT_R":"Move to submenu","tkVSChmZ_g0":"Go to chats","RAYT217cLHT":"Other steps you can take to restore your messages","Fg1INZJMXd1":"Skip restoring for now and try again later from Settings.","WDpd9l5PzF3":"Restore messages later","J8VXas41L2R":"Find other ways to restore your messages in the {helpCenterLink}.","qUG7pS_oNtY":"Help Center","RTWBSHgVQ3e":"See all restore options","1h1h4bFeUVs":"Enter new PIN","fCSxuTUraql":"Can\u2019t reset PIN?","VE3XhGtWzdv":"Reset your PIN to restore your chats","Xt-h0K702Tp":"It needs to have secure storage turned on. It\u2019s likely to be the device you used to create your original PIN.","wBkfdAzc3F_":"Step 1 \u00b7 Find your other device","76VM5Rn62nj":"1. Go to Messenger Settings","84kKKlJTWyw":"2. Tap {=m1}","Lvqmz7UKPLX":"3. Tap {=m1}","YQD9r3KKHi8":"4. Tap {=m1}","bM4fyKqqa3L":"5. Tap {=m1}","iCQkImcF2W4":"Reset PIN","1P-NXLa5yF7":"Step 2 \u00b7 Reset your PIN on that device","cqgiOO8XKBD":"{senderName} to {threadName}","hBJ7Pa73DC9":"{senderName} to your group","olvnGjG-r7f":"Loading messages...","w8j4IGt-9Wa":"Failed to restore end-to-end encrypted messages. Try again.","75ZoIDN05wr":"End-to-end encrypted messages restored."},"virtual_modules":["LiveVideoLatencyMenu.react$fbt_virtual","VideoPlayerAudioTrackUtils$fbt_virtual","VideoPlayerCaptionsMenu.react$fbt_virtual","VideoPlayerCaptionsMenuCaptionsDisplayMainPane.react$fbt_virtual","VideoPlayerCaptionsMenuCaptionsDisplayPane.react$fbt_virtual","VideoPlayerCaptionsMenuMainPane.react$fbt_virtual","VideoPlayerCaptionsMenuTopBar.react$fbt_virtual","VideoPlayerCaptionsControl.react$fbt_virtual","VideoPlayerCastControlIcon.react$fbt_virtual","VideoPlayerExpandSidePanelControl.react$fbt_virtual","VideoPlayerQuietModeControl.react$fbt_virtual","VideoPlayerSettingsMenuQualityPaneToggle.react$fbt_virtual","VideoPlayerSettingsMenu.react$fbt_virtual","VideoPlayerSettingsMenuAudioTrackPane.react$fbt_virtual","VideoPlayerSettingsMenuAudioTrackPaneToggle.react$fbt_virtual","VideoPlayerSettingsMenuPlaybackPaneToggle.react$fbt_virtual","VideoPlayerSettingsMenuPlaybackSpeedPane.react$fbt_virtual","VideoPlayerSettingsMenuQualityPane.react$fbt_virtual","VideoPlayerSettingsControl.react$fbt_virtual","useVideoPlayerWatchAndScrollControlNUX$fbt_virtual","VideoPlayerWatchAndScrollControl.react$fbt_virtual","VideoPlayerWithLiveVideoInterruptedOverlay.react$fbt_virtual","MWChatEncryptedBackupsAccessCodeInput.react$fbt_virtual","MWChatEncryptedBackupsAccessCodeInputStep.react$fbt_virtual","MWChatEncryptedBackupsCreatePinInstruction.react$fbt_virtual","MWChatEncryptedBackupsGenerateNewRecoveryCodeInstruction.react$fbt_virtual","MWChatEncryptedBackupsCreateRecoveryCodeInstruction.react$fbt_virtual","MWChatEncryptedBackupsForgotPinStep.react$fbt_virtual","MWChatEncryptedBackupsKVSOnlyRestoreStep.react$fbt_virtual","MWEBAutoRestoreNoticeDialogStep.react$fbt_virtual","MWEBRestoreMoreOptionsStep.react$fbt_virtual","MWEBRestoreOTCFirstStep.react$fbt_virtual","MWEBRestoreQPWithPin.react$fbt_virtual","MWEncryptedBackupsThreadListPersistentBanner.react$fbt_virtual","MWEncryptedBackupsVerifyDeviceNux.react$fbt_virtual","MWEncryptedBackupsViewAllOtcEligibleDialogStep.react$fbt_virtual","Chromedome$fbt_virtual","CometFBUncaughtError.react$fbt_virtual","CometNetworkStatusToast$fbt_virtual","CometOnBeforeUnloadDialog.react$fbt_virtual","CometRouteActorToaster.react$fbt_virtual","MessengerCometNetworkStatusToast$fbt_virtual","MessengerPWAAppWideSideEffects.react$fbt_virtual","NotificationPermissionRequestComet.react$fbt_virtual","CometToast.react$fbt_virtual","MAWSecurityAlertsBadgeMenuItem.react$fbt_virtual","MAWSecurityAlertsMenuItem.react$fbt_virtual","MAWXMAPreviewsSettingsMenuItem.react$fbt_virtual","MWChatSidebarEncryptedBackupsMenuItem.react$fbt_virtual","MWChatSidebarSettingsE2EEChatsMenu.react$fbt_virtual","MWChatSidebarSettingsPrivacyMenu.react$fbt_virtual","useMWDropEBDbMenuDialog$fbt_virtual","MWFamilyCenterSuppervisionMenuItem.react$fbt_virtual","MWInboxInfoFRXOverflowMenu.react$fbt_virtual","MWInboxMediaGalleryEBRestoreSyncBanner.react$fbt_virtual","MWInboxMediaGalleryEBRestoreUpsell.react$fbt_virtual","MWInboxSettingEditUsernameMenuItem.react$fbt_virtual","MWInboxSettingsMenu.react$fbt_virtual","useBusinessMessageNegativeFeedback$fbt_virtual","useBusinessMessagePositiveFeedback$fbt_virtual","CDSToast.react$fbt_virtual","MAWEditMenuItem.react$fbt_virtual","MWOpenMediaManagerUtils$fbt_virtual","MWPinMessageMenuItem.react$fbt_virtual","MWV2CreatePromptMenuItem.react$fbt_virtual","MWV2ForwardMenuItem.react$fbt_virtual","MWV2MessageReactionMenuItem.react$fbt_virtual","MWV2RemoveMenuItem.react$fbt_virtual","MWV2ReplyMenuItem.react$fbt_virtual","useMWV2ReportMessage.react$fbt_virtual","MWV2ReportMessageMenuItem.react$fbt_virtual","MWV2ContextualActionsMenu.react$fbt_virtual","FDSEntityHeaderFacepile.react$fbt_virtual","RTWebCallInviteDesktopNotification.react$fbt_virtual","RTWebMDSCallNotificationDialog.react$fbt_virtual","RTWebIncomingCallDialogContainer.react$fbt_virtual","RTWebMissedCallDialogContainer.react$fbt_virtual","RTWebMissedCallContent.react$fbt_virtual","RTWebCometRoomMissedCallDialogContainer.react$fbt_virtual","ZenonCallInviteTitleBlinking.react$fbt_virtual","FDSMenuItemWithSubmenu.react$fbt_virtual","MWChatEncryptedBackupsRestoreEndOfRoadDialog.react$fbt_virtual","MWChatEncryptedBackupsForgotPinInformationalResetPin.react$fbt_virtual","MWDesktopNotifications$fbt_virtual","useMAWEncryptedBackupsRestoreToast$fbt_virtual"]}