{"translations":{"tnRfHlva-bL":"Close","GYf1KHsnFi8":"Couldn't load all end-to-end encrypted chats","sfKyyq_GmTy":"Try refreshing the page to see them.","GFcUdiCyJga":"You may need to refresh this page","eNLW45dJwcf":"There may be issues sending or receiving messages on this page. Refresh it to reload your chats.","-4uNzok_SAp":"This browser is not supported","ullHqmlWvhs":"You may need to update your browser","k8aGLCLdv3J":"Some messages are missing and certain messaging features are not available. Try using another browser or mobile device.","1UM5NSCZCUv":"End-to-end encrypted chats won't appear in this browser. Try updating your browser or use another one.","rZMtLmsbvnM":"{blocked contact's name} sent a message.","kRDmnexoZ4c":"Sunday","Bn6mK_CYpOQ":"Monday","0CKO3e6zlkG":"Tuesday","knM-pwAZFhd":"Wednesday","9awSVez1lYX":"Thursday","e-RtDb71wOv":"Friday","hC9TTGKI1In":"Saturday","YUdS_z7d_6d":"SUNDAY","Ovx6Ymroe_A":"MONDAY","eFqKUz2_kl3":"TUESDAY","E_RiUxD0fWh":"WEDNESDAY","C3_a7H_J7rx":"THURSDAY","5CNevM2J02m":"FRIDAY","4EW2wfH5WZD":"SATURDAY","2PszcrK7vzP":"Sun","TlMpxfMswL-":"Mon","HgsLhEx6Rq0":"Tue","av9KuRGnSoy":"Wed","Y5eYWyns-vW":"Thu","Pcyy4Au35vm":"Fri","RuPRqeVJ1f_":"Sat","I8rDd8HrSIY":"SUN","mJbm9skBmiP":"MON","ZG1m85BJ2mG":"TUE","3alVL8FSzF2":"WED","grH3eggt_PS":"THU","o7IIktT8uZl":"FRI","OO7gVuw6-67":"SAT","U3IUNjyAWys":"January","8KKnx7Y4OWL":"February","Au0OETL-blc":"March","Z7N5jsVLWYq":"April","YbgiKmRzTZL":"May","WkH27C2YOr9":"June","c4u4vrQldeW":"July","tT8qwNVc_bY":"August","38VZPXukBcq":"September","oxEkc0tozky":"October","TydaAthEBOx":"November","r3FuzNa_oUv":"December","j3lAMkdtm8D":"JANUARY","W3ogesAukPo":"FEBRUARY","VbTrxXWL9LO":"MARCH","tXlQvgnA6QB":"APRIL","Qe2L3rtt4jY":"MAY","tzOs87oUqbm":"JUNE","n0EAUTpeC58":"JULY","_4QPpdl9jy3":"AUGUST","kTuP_o9kcON":"SEPTEMBER","PfWuUW912mj":"OCTOBER","z4eG5BJcKe2":"NOVEMBER","5oFCWzoMCPo":"DECEMBER","DsKYj1oLo19":"Jan","TCuDpRnz2mT":"Feb","khl_0IT7mYX":"Mar","3Y3hi7sR1cI":"Apr","IHrjywEAvHt":"May","8kF4Ak1BW3a":"Jun","KKfFBFLyAgh":"Jul","XOJ0ufAxR5d":"Aug","ZnuGT3uobCp":"Sep","9OpDbaaGtTr":"Oct","-J5NrwJB53G":"Nov","HtgyaBTmaos":"Dec","VoVPp7VE97p":"JAN","TiP-2xvGcWh":"FEB","ju79mFQ_J1L":"MAR","leLBmZcPlvt":"APR","sAWIM7lXq_F":"MAY","cbeCOd2W11J":"JUN","3U-gTYEZ8gT":"JUL","_9B2djcyQhj":"AUG","fcwpPGGy3C5":"SEP","TsO3woeUmUo":"OCT","TS8b5DqPYc0":"NOV","FyOcyxpoDK6":"DEC","kgS-kTTebvA":"st","PoFxBBtz8zw":"nd","YBu_d81rLYN":"rd","_dd9pSVEWhQ":"th","utwmpovoP9t":"th","Qg6aLKsTxP6":"th","3NvZ16eqNhs":"th","OCFkSiFBu4g":"th","ntqZQ2awzy6":"th","lZeKEl9HM0Y":"th","JXCL249ubYt":"th","s8NeUaTiQSK":"th","M9rR63ZDVJg":"th","Mack7POOKmJ":"th","lVy7FkMjYVB":"th","ghJcI27I4P1":"th","6szdczmyHdq":"th","LDAc2xxYdM4":"th","wsIr3m2BjUW":"th","_9rIVmXL7rL":"th","MnQZ282iK_0":"st","L33d1oEPeCr":"nd","hjxQNJl9gEN":"rd","BcmYmPTnObY":"th","ODyQeBDQBIs":"th","RskCzcAM8LN":"th","5WsyHDqOUBa":"th","VCG-VjG5RBC":"th","DsafOmqGRqB":"th","rh5lCQfsKaN":"th","Yxv-oP9L52u":"st","vgDiYSO4D18":"1st","yIho--MGzhd":"2nd","Mr-vl7ybhSv":"3rd","BZIPNdku1Iy":"4th","m-6hvKNWaTG":"5th","wWqjYlrkNBH":"6th","guZWXE222BT":"7th","kWv6eHETdUi":"8th","z7G_mkSQ-Vp":"9th","7rXPmxBp1HA":"10th","8g5Bsbx1ntS":"11th","nFdyXihWX4G":"12th","O9-p7jWhZMi":"13th","juGaZXguzbw":"14th","t-6cIQHx7zC":"15th","wqchbLBpuzR":"16th","Z-bLignwyiH":"17th","ZPrynDoTudj":"18th","9nPymx7YDyb":"19th","_ZrW3bFPgTr":"20th","XPYxgF4SXkG":"21st","siaQD07Sf09":"22nd","uymTAdRpc45":"23rd","5uz8UT0C04G":"24th","g4Zn_nnZ0uM":"25th","JfIlYLuuxft":"26th","6c7RsCoaOQ6":"27th","lPaPgjA3eSI":"28th","1wsyMnSESSk":"29th","Y53KSGgC1Fh":"30th","w0e0M9zDCki":"31st","P452d9KfMZB":"Day:","14B8uRJNqzB":"Month:","ZbRG7ZxcL_s":"Year:","Yvba8YT7D76":"Hour:","mY3ExKoiSbu":"Minute:","6X7o_ijb67M":"dd","bhyhew9ts33":"mm","fTaCK1AHc1_":"yyyy","DRLxNWH7L4s":"h","orXzp-0tokx":"m","ufsASNxZ34K":"am","Tnd5tvqN3Qj":"pm","wca5cRZ0pth":"AM","-AlZvLqfvQd":"PM","M7osj0aoSaL":"Prompt","4kvNP1szhkx":"Type something","4KuzIdTnRmp":"Feedback has been submitted","Pm4800857Zv":"Active","fwsgSNrW38G":"1m","R3_UwncmzVK":"Just now","n-vdMzQYLNI":"a few seconds ago","-b-qMPARzNx":"1m","7tk0E3psPN9":"in a few seconds","eYVCi3QXTyh":{"*":"{minutes}m"},"F0pHmqGlylG":{"*":"{minute}m"},"pJYDYNmcCNm":{"*":"{number} mins","_1":"1 min"},"Cf0HUgiMq4T":{"*":"{number} minutes ago","_1":"about a minute ago"},"gHMM3LdXRf4":{"*":"in {minutes}m"},"bL1G33FYb9j":{"*":"in {minute}m"},"c6NQLZH4ANd":{"*":"in {number} mins","_1":"in 1 min"},"hSOa9acW7bb":{"*":"in {number} minutes","_1":"in about a minute"},"AIlPq7RKmmh":{"*":"{hours}h"},"Htyva5k8nwB":{"*":"{hour}h"},"fgynbiSDJGc":{"*":"{number} hrs","_1":"1 hr"},"6moQMMAESbv":{"*":"{number} hours ago","_1":"about an hour ago"},"5JQjzUYGGCF":"in {hours}h","RQalQIKYbEf":"in {hour}h","aKe8M_AKzI3":{"*":"in {number} hrs","_1":"in 1 hr"},"KshjW5ZSXeJ":{"*":"in {number} hours","_1":"in about an hour"},"OTP461afLE9":"{days}d","lu9aoQPlbeg":"{day}d","U_-41liQBf_":{"*":"{number} days","_1":"1 day"},"eOrU59mir58":{"*":"{number} days ago","_1":"a day ago"},"_vLqwOw3w-v":"in {days}d","_Tipm8XTcOf":"in {day}d","XM9woDyI0RI":{"*":"in {number} days","_1":"in 1 day"},"e25sv98iazf":{"*":"in {number} days","_1":"in a day"},"9fotnddt5Sz":"{weeks}w","fEx8YIXhlCv":"{week}w","LzV87OP-cnH":{"*":"{number} wks","_1":"1 wk"},"8Tz4WwYqyWe":{"*":"{number} weeks ago","_1":"a week ago"},"-wC0NSIHQGr":"in {weeks}w","Sq_wXXeY2we":"in {week}w","FZjvF7iUhS2":{"*":"in {number} wks","_1":"in 1 wk"},"KYxoF9she7V":{"*":"in {number} weeks","_1":"in a week"},"SquRrJqM3Pp":"{years}y","ZZkw04qyyO9":"{year}y","qHsnROIs1Rn":{"*":"{number} yrs","_1":"1 yr"},"4VLiJAQbl5i":{"*":"{number} years ago","_1":"a year ago"},"kcnqt0iRR-7":"in {years}y","yaVpdlNheq4":"in {year}y","HQno8zOlCSY":{"*":"in {number} yrs","_1":"in 1 yr"},"lP1YxrqVkce":{"*":"in {number} years","_1":"in a year"},"LtCYmN0GXLi":"Menu","TF6qbw6BiBY":"Call back","W6kPEK81i0G":"Bumped a message","2XTxAX3qgrF":"Remove last character from input query.","CqK0EeqSMhz":"Next suggestion","iUKjo5X2a54":"Previous suggestion","wwSVh79-oc2":"Close suggestions","mihpnKYilqe":"Select suggestion","Z6s23TRj9Pk":"Leave input","1sCLmeZcned":"Move focus to the previous cell","01-Oxa-x2ap":"Move focus to the next cell","IgHPZSLlYoi":"Message hidden","-GvVFaMikWU":"You received a message that can't be shown on web. Use the Messenger mobile app to see it.","pL9gn5HLY3n":"Message unavailable","kPmtZiB6viN":"GIF","YG4J77RBBDH":"Prompt contribution","3TzRhHHRgwV":"Message unavailable","7WGJ1daCkBD":"Video","RIhcgUMQoC1":"Item {number} of {total}","J8Yoib5UPEE":"Next items","EhkFtPPvOVh":"Previous items","XxNs-oGUpT_":"Open Messenger for Desktop","tlUlAHzvu6R":"Open Messenger for Mac","3NgfF3NHofM":"Open Messenger for Windows","_P6bnngRU_E":"Try Messenger for Desktop","3Fm9-zbx5PN":"Try Messenger for Mac","56Y2Um9FCTk":"Try Messenger for Windows","sqTeJmgA5ut":"Back","HOgvcwAgZf9":"See less","7lNkK2cLc2S":"\u2026","JO3lyYgE_aY":"See more","h4jHLzIOW6F":"Verified account","1VqMgLPpraa":"Previous item","7zajSsSIBFZ":"Next item","m_OLWX7kM2N":"Previous item","XPwbX58ULdf":"Next item","JPI1DgeTCjw":"Link to see everyone","wSyF3E_Fmrl":"Back","pNtZGTdyKvp":"Search","HYvhkJNYo2M":"Previous item","6tFY25IlnV4":"Next item","dr5LK8JTLfs":"Exit focus region","NgBmedKphX2":"Enter focus region"},"virtual_modules":["MWV2MediaViewerControlsFallback.react$fbt_virtual","MAWIssueNewUserVisibleErrors$fbt_virtual","MWGroupBlockingProtectionUtils$fbt_virtual","DateStrings$fbt_virtual","MWChatPromptFlyoutFrontCard.react$fbt_virtual","useGenAiFeedbackSubmittedToast$fbt_virtual","BaseBadge.react$fbt_virtual","FDSProfilePhotoAvailabilityBadge.react$fbt_virtual","FDSRelativeTimestamp.react$fbt_virtual","MWXListCellHoverButton.react$fbt_virtual","MWThreadListItemMoreActions.react$fbt_virtual","MAWBridgeBuildMsg$fbt_virtual","CometTypeaheadInputStrategyEventListener.react$fbt_virtual","MWBlockedTombstoneMessage.react$fbt_virtual","MWUnsupportedXMA.react$fbt_virtual","MWV2ChatUnsupportedMessage.react$fbt_virtual","MWRepliesGIF.react$fbt_virtual","MWRepliesRollcallContribution.react$fbt_virtual","MWRepliesUnavailable.react$fbt_virtual","MWRepliesVideo.react$fbt_virtual","getBaseHScrollAccessibilityAlert$fbt_virtual","FDSHScroll.react$fbt_virtual","MessengerDesktopDeepLinkUtils$fbt_virtual","FDSCardedDialogLegacy.react$fbt_virtual","BaseCometTextWithExpansionEntities.react$fbt_virtual","CometPageVerificationIcon.react$fbt_virtual","BaseMenuFocusGroup$fbt_virtual","CometOverlappingFacepile.react$fbt_virtual","MWInboxMessageSearchPanelHeader.react$fbt_virtual","MWLayoutBackButton.react$fbt_virtual","MWMessageTableFocusTable.react$fbt_virtual","MWMessageCellFocusTable.react$fbt_virtual"]}