{"translations":{"kWn4paD6Vaw":"More","KVtJcih6CQz":{"*":"and {count} others","_1":"and {count} other"},"txKVTNOBaVY":{"*":{"*":"{number} votes including those from {=names}"},"_1":{"_1":"1 vote from {=names}"}},"S_P0VuqDnbo":"0 votes","bHf-pjjpSrh":"Messenger is offline","g2TuGL7kp7W":"Please check your connection. Anything you do in chats while offline, like send messages or change chat colors, will be completed when you connect to the internet.","KN5FuK9HL68":["Facebook User","74630a0214a11fa5068b0655daafe2de",1],"PmrYWcLl7s-":"Your message was not sent.","U3_S6m-Asci":"You can't reply to this conversation.","wwqS06IKURT":"You unsent a message.","_xK_oqrbVu3":"{user_name} unsent a message.","mtqLMpBAIfE":"Message hidden","AcX9AAMg2Jv":"You bumped a message.","nh5Ig-KQkRx":"{user_name} bumped a message.","r5f8SC2OUWe":"You","UxIyHnrkGvQ":"You sent a sticker.","6CXDyy4pKod":"{user_name} sent a sticker.","4jXDffqGKxc":"You sent an attachment.","XuMb0GRtMp2":"{user_name} sent an attachment.","adFbSa44M9G":"You sent a photo.","WRQpot61Zha":"{user_name} sent a photo.","AKC6gu2oXen":"You sent a GIF from {app_name}.","LLEsQ4Y9-C7":"{user_name} sent a GIF from {app_name}.","pQsKY3JdghI":"You sent a GIF.","VzXmY6Nofoo":"{user_name} sent a GIF.","C6rFQy3ZqgT":"You sent a video.","5sq-yY8-PHO":"{user_name} sent a video.","Y9RNnaq--9C":"You sent a voice message.","Tf8KEtj2NUW":"{user_name} sent a voice message.","VTdyPQ7H4GZ":"You sent a selfie sticker.","YPG0HYdjvfW":"{user_name} sent a selfie sticker.","j-o8KFpMPxd":"You shared a post.","zsY9ES-V3Ko":"{user_name} shared a post.","8PT2JtdeJx9":"You replied to a story.","H7eOZ8S6YOP":"{user_name} replied to a story.","qiicOieyAHd":"You sent a story.","TkSIon2AHjf":"{user_name} sent a story.","hs-XIkGvPGM":"you mentioned {user_name} in your story","78NZ4EbNix1":"mentioned you in their story","9P29njYEtVJ":"You sent a reel.","HqUxJ78yQEs":"{user_name} sent a reel.","4RDpwDU2bxj":"You sent an IGTV video.","sfM4caXMU8x":"{user_name} sent an IGTV video.","rMpUt8zHstd":"You shared a shop.","ZqoJBBTdmfd":"{user_name} shared a shop.","3bEfkOlWqZQ":"You sent a profile.","0LAhbzE2305":"{user_name} sent a profile.","Xv5h5VWZ1z-":"You sent a story highlight.","iwXmJRLI5oQ":"{user_name} sent a story highlight.","wrYW1iMsokY":"You sent a post.","jxXuvG9WsQ-":"{user_name} sent a post.","wezHuMnDNgf":"You mentioned {receiver_name} in your story.","V86-MgG4uJ1":"{user_name} mentioned {receiver_name} in your story.","9X7TkYsxkJ9":"You mentioned you in their story.","HgpZLsXXBv2":"{user_name} mentioned you in their story.","da1hGBDyrc0":"You sent a gaming update.","eB3RT9ZRPNU":"{user_name} sent a gaming update.","uVYFUqdjsDk":"You replied to your story.","JNmnqH9YpVN":"{user_name} replied to your story.","cjVmAaYlDK5":"You replied to their story.","tgAN3WazCx7":"{user_name} replied to their story.","rGkOrOdVN7r":"You sent an event link.","0c4ttO8K44x":"{user_name} sent an event link.","5wtZ0w7wjWl":"You shared a reel.","ZxojgdAFPM9":"{user_name} shared a reel.","81akEhn5rEe":"You tagged {receiver_name} in your post.","PlEQcZWgExs":"{user_name} tagged {receiver_name} in your post.","yntPigUfAxT":"You tagged you in their post.","4Sva9VujCUQ":"{user_name} tagged you in their post.","9gOGTtdjrZE":"You sent a link.","R5lkKLgSqO3":"{user_name} sent a link.","BCqXnePZxrY":"You sent a location.","NfWlT4Kxbzi":"{user_name} sent a location.","SH0YqdP7IKV":"You shared a contact card.","aEbyYGfOeat":"{user_name} shared a contact card.","mUkKfPWP8w_":"You sent a memory.","2bPnhlt5UjK":"{user_name} sent a memory.","LG-CVe6YeL2":"The audio call ended.","XSfhGJMwPL8":"The video call ended.","qL_GOsBRgrZ":"{user_name} missed your audio call.","LrXrY17Mwwh":"You missed an audio call from {user_name}.","NEO9buPurkr":"{user_name} missed your video call.","Qho_g3FF8mq":"You missed a video call from {user_name}.","Xxt66o3iPYX":"The audio call started.","v6KFXcykdOt":"The video call started.","0oa3QgNUtA3":"Missed group audio call","ypexge-6NRA":"Missed group video call","woc-8KLy7zj":"You sent a live location.","--XUHiOY0Z1":"{user_name} sent a live location.","vsnRcMCSSFJ":{"*":"You sent {number} photos.","_1":"You sent a photo."},"rG1E-FG-TxB":{"*":"{user_name} sent {number} photos.","_1":"{user_name} sent a photo."},"_H0KEIF4aGq":"You sent multiple attachments.","F5OxWfUB9Dy":"{user_name} sent multiple attachments.","3P1HxS_1jfg":"Reply to {other_user}","a5_sxn3ZWZn":"Reply to {other_user} and others","czVm_Pwt6t9":"{num_messages} new messages","h8shxIRIHov":"1 channel","cOR9lVJ4jCg":"{num_channels} channels","SWrWBV0LcfO":"Last message","-r9R1SJrWwS":"1 unread channel","Gzgbn2ufLNM":"{num_messages} unread channels","_P-lwtylUhP":"{other_user} sent a message.","YBxxz_Vibx6":"Pending approval","YRCmoad58uJ":"Going","_8aETeHXtHr":"Interested","byni3VHMHc8":"Not interested","ga21xjHrnrP":"Maybe","Q_LYP_ZLQTd":"Can't go","JBe8j08K09-":"Respond","bZt0xiZTnI-":"Request to join","LU51Dz-OBab":"See all","6vTlb2bku1-":"You bumped your message","TK1WqTTq979":"You bumped {participant_name}'s message","AI6Z85qZOTl":"{sender_name} bumped your message","1Mq5qyIkjxC":"{sender_name} bumped their message","Jm7dkp7Q46M":"{sender_name} bumped {reply_source_sender_name}'s message","YfSaJhpdv0H":"You replied to yourself","rouMYaFboPj":"You replied to {participant_name}","gln0mR6BSos":"{sender_name} replied to you","xBthZSMLrSR":"{sender_name} replied to themselves","Bfn4BTqFbTw":"{sender_name} replied to {reply_source_sender_name}","yQuJ1OMUVjP":"Add","3k8IWsw1-6Y":"You","JXT3riixpEu":"{user} turned on disappearing messages.","hI4gbzrBlXq":"Disappearing messages were turned on.","71WGCM_QR6l":"{preamble} Messages will disappear {time} after they're sent.","8dRN_uv1Ey6":{"*":"{number} seconds","_1":"1 second"},"ypkuSNWTmvD":{"*":"{number} minutes","_1":"1 minute"},"Gt2ASOwx3aR":{"*":"{number} hours","_1":"1 hour"},"BkWfpfnRWrH":"{user} turned off disappearing messages.","lritNDvzWHc":"Disappearing messages were turned off.","9dgVAem5HVe":"You cleared the chat history","4w1HQhVySfH":"Workplace User","Yz7gQUpuAdz":"Sidechat","KVOi7QtdIiz":"Facebook User","YIi23RvfAOM":"{user_name}'s audio","zy0vB4g7bUg":"{user_name}'s photo","Tjhx4Uo9tx2":"{user_name}'s video","ixrUZRszn_J":"{user_name}'s sticker","cOvKzCJo9pt":"{user_name}'s GIF","HW7JxEhyqTG":"{user_name}'s attachment","DIFtX0dJhWX":"You created a sidechat","7lkRbksMys6":"{receiver_name} didn't accept your payment of ${amount} within 7 days, so the money was returned to you.","VQfKxCig0vy":"{sender_name} made an update. You are receiving updates for {game_name} in this thread.","5SAbOrcrYuU":"You are receiving updates for {game_name} in this thread.","VQ2HMGY9wwv":"People in this thread are playing {game_name}. Messages are turned off for you.","JjXwyclLQBa":"{sender_name} made an update.","w7ck8Nknn5M":"You are now connected on Messenger.","ri623MWPdFQ":"{sender_name} scanned {receiver_name}'s QR code to start this chat.","AVG11ix_BXJ":"Not relevant to my question","wSP_qVisuoi":"Not personalized","3krIxTLZtOD":"Incorrect information","O_hReSSI8n7":"Harmful or offensive","nQnVxqmzNMI":"Hard to understand","fdY6Ska9rb-":"Something else","5X9UcGT23B8":"Let us know what's wrong with this response","_O5rdp7xXii":"Create sidechat","q-3Q4t45N1_":"See sidechat","aLKnhppCDUk":"Sidechat creation failed","czR8vxcW0mN":"React","I1DdCdLzOkz":"More","GvPr2MwluxY":"Forward","xFCj85w6vra":"Reply","utVE8Q7pcEU":"Hide Original","kBXvWwvKjDy":"Show Original","KMcDubR-DOw":"Tooltip above carat","slR4b0_0vCR":"Tooltip Below Carat","u8KZyQYF32G":"Tooltip Start Carat","Bcpwwi6aO6r":"Tooltip End Carat","IRLcUviYZ-b":"OK","iw7A0LnsmaW":"Change","e7VrrtGFXYH":"See All","jODYJ2eW1Pa":"Learn more","xAOSvpC7vLN":"Go to other chat","P5k2go6lj2P":"View messages","3A-F80NGMR1":"Sent {username}'s story highlight","btyC9aNJMDF":"Sent a story highlight","xnZ-ffIPZnP":"Sent {username}'s story","nEqZlivBoJj":"Sent a story","FzueDOoURT8":"You replied to a removed message","d4DLCdwDC03":"You shared a story","yaEVWahdF8q":"You reacted to their story","ZcIFbzn42DR":"You mentioned \u0040{name} in your story","M3uJqhYYEHf":"You mentioned a participant in your story","djIYCFIYkhI":"You mentioned {name} in your story","dgpS1OhnF7B":"Mentioned you in their story","9HVcKyuMcEa":"{name} replied to your post","tQ_baoPXjLg":"You replied to their post","VKBGNzy_Yqs":"You replied to {name}'s post","n0YtGhrNuCJ":"You replied to a participant's post","i08IJ6pj_jc":"{name} replied to your post","6yn4tcYSSq3":"{name} replied to your note","XYG_9W-CuAE":"You replied to their note","GiGYAtipVIl":"You replied to yourself","ZkkDtvZx-as":"You replied to {name}'s story","GEUovmERkjj":"You replied to a participant's story","eQLjVyXwwuH":"You replied to {other_name}","NYU_gsfRGpq":"You replied to a participant","30kvLEU_B_p":"{name} replied to a removed message","JQwHPEO2e9j":"{user} shared a story","BS0JbOB2Hdc":"Reacted to your story","RWi7lW394uo":"{other} replied to themself","zc6GoZLyKDZ":"{name} replied to your story","uU6-xunUPnp":"{other_name} replied to you","iOHMd6RP1E7":"{other} replied to {other_name}","JL2f9yie2zt":"{other} replied to participant","Qqz4BaNxhpZ":"Off indefinitely","oudW1xi6NTV":"Off until {time} tomorrow","so9VkYDJtTA":"Off until {time}","8p1YQCn8sSf":"Off until {time} {weekday name}","mE99UrtEjlr":"Chat notifications","4c66vwlOre0":"Mute this sidechat?","f_P00nfKfsd":"Mute conversation","wGzDdDLdmM0":"Mute message notifications","aevOqU7QNLm":"Mute call notifications","e9DezvV_scv":"Mute message and call notifications","xEJdAn7fswx":"You bumped your message","V_CNNTmY2Ph":"You bumped {name}'s message","e4ANPYcuBv3":"You bumped a message","Za_lnuBTLtf":"{sender_name} bumped your message","_jAChXL58Au":"{name} bumped their message","DhJx8omw4RX":"{sender_name} bumped {reply_source_sender_name}'s message","nH0a2aTUw0L":"{user_name} bumped a message","fyDhKh6gGJz":"Waiting for this message. This might take a while.","4OgzNQUOXys":"Message unavailable.","jc4jswoQ0uZ":"You sent a message but this browser can't show it.","rJAaVw-bGTJ":"You received a message but this browser can't show it.","uqLzpXLWV1L":"You sent a pinned location. Use the Messenger mobile app to see it.","arQtWP-wajD":"You received a pinned location. Use the Messenger mobile app to see it.","yYAB5ipDjSn":"You sent a poll. Use the Messenger mobile app to see it.","9_u_h4197t1":"You received a poll. Use the Messenger mobile app to see it.","Lucxb4lp5Bj":"You sent a contact card. Use the Messenger mobile app to see it.","l8E1YgNTl-P":"You received a contact card. Use the Messenger mobile app to see it.","eI2fGAdx8aY":"You sent a story mention. Use the Messenger mobile app to see it.","cgqiUXxl6Ro":"You received a story mention. Use the Messenger mobile app to see it.","6rTG-69neIL":"You mentioned someone in your note. Use the Messenger mobile app to see it.","rrd4aExCZRq":"Someone mentioned you in their note. Use the Messenger mobile app to see it.","rKW2TUo65Qw":"You received a message from Meta AI. Use the Messenger mobile app to see it.","wGbdzlw9c2x":"You sent a bumped message. Use the Messenger mobile app to see it.","ERQ_-V0YrzM":"You received a bumped message. Use the Messenger mobile app to see it.","QW1C8s0lKTa":"You received a sticker. Use the Messenger mobile app to see it.","G-xm1MPFQ2m":"You sent a sticker. Use the Messenger mobile app to see it.","kUWcn8afzj2":"Message sent before this device was added to this conversation. This message cannot be delivered.","Q-6u14LxgkX":"Message failed to deliver","f0lEvrX0NwD":"Story unavailable","KCDXWiSStNg":"This photo can only be viewed once. Use the mobile app to view.","QmDiAWEBf9c":"This video can only be viewed once. Use the mobile app to view.","28E9UX9VhHs":"You created this group","vc0hFTqTXzB":"{actor} created this group","nIQsgwg4jav":"This group was created.","ioocxZa3RHl":"You named the group {custom group name}.","BkA5SKyiWz8":"The group name was set to {custom group name}.","3pkJPr0kqiB":"{actor} named the group {custom group name}.","7HvCssg8rpe":"You added a new device to this conversation.","HcuOxk4Ti9n":"{actor} added a new device to this conversation.","z8kxY36E7hc":"You removed a device from this conversation.","CWI7wNEpg6X":"{actor} removed a device from this conversation.","dMTvVUpHIHh":"Your key has changed.","B5b_7hBmzMu":"{user_name}'s key has changed.","IquH8JP7g3o":"You added {user_name} to the group. They can only see messages sent after they were added.","6LexHwivW4N":"You added {user_name_1} and {user_name_2} to the group. They can only see messages sent after they were added.","xpYfCqAeoRq":"You added {user_name} and {number of participants} others to the group. They can only see messages sent after they were added.","6Z1J4va4_8C":"{actor} added you to the group. You can only see messages sent after you were added.","Usbik5t1nBt":"{actor} added you and {user_name} to the group. You can only see messages sent after you were added.","P_OgxVnWQoE":"{actor} added you and {number of participants} others to the group. You can only see messages sent after you were added.","bobEEsoK5wj":"{actor} added {user_name} to the group. They can only see messages sent after they were added.","XQQ_fX0JL2u":"{actor} added {user_name_1} and {user_name_2} to the group. They can only see messages sent after they were added.","gdN-cHBGTgb":"{actor} added {user_name_1} and {number of participants} others to the group. They can only see messages sent after they were added.","T1eI6-R4Ys3":"You removed {user_name} from the group.","_J2BJijyg1Y":"{user_name_1} removed you from the group.","GQYeJHPPFBL":"{user_name_1} removed {user_name_2} from the group.","7gBXJGJs1RC":"{name} left the group.","twBESU9lMQ5":"You left the group.","P-TnfmXUkkU":"{user_name} is now an admin.","TyOeMbh9c3n":"{user_name} is no longer an admin.","g2Y-AkokbQi":"You are now an admin.","QbDk7QLMtd0":"You are no longer an admin.","vcVM9mG_n59":"{actor} added you as a group admin.","0ly_0rO21jd":"{actor} removed you as a group admin.","aRkzLhFK0tk":"{actor} added {target} as a group admin.","wIEAcacoGC2":"{actor} removed {target} as a group admin.","BVroDb3uWvG":"You removed {target} as a group admin.","XW8QFefwwka":"You added {target} as a group admin.","-JHaYRzvfpN":"{actor} removed themself as a group admin.","h_Dfa2FiN92":"You removed yourself as a group admin.","3iBxxmwApDO":"You","4-ojL4cFyDj":"You sent a photo.","_R0NFo7psqZ":"You sent a video.","NHZzbHt5fju":"You sent a voice message.","GgLzAe6GAAY":"You sent a GIF.","WYnHcQZeijb":"You sent a sticker.","SkQ-qpSqtIH":"You sent an attachment.","Z9w9ch9TmJt":"You sent a post","-kgYEsPaCeZ":"You sent a reel","BxMycMKsI8g":"You sent a story.","AdIYNNW8_BB":"You sent an event.","HZfnisG5R39":"You sent a story highlight","Mv-TBSZDdsn":"You mentioned \u0040{user} in your story.","XUTKHUpfCZy":"Mentioned you in their story","NkOpuZkYe13":"You mentioned this user in your story","LFSYTOj65rJ":"{user} mentioned you in their story","u9NG1-EYfRE":"{user} sent a photo.","GZrAjs4uDve":"{user} sent a video.","B_Zg5gCb8wv":"{user} sent a voice message.","-LJU6ON9QlF":"{user} sent a GIF.","j_PEgQByu4Z":"{user} sent a sticker.","kF-N_lTEwQJ":"Sent a post","T_Dsx3yPqqa":"Sent a reel","1gzdEGkoXLS":"{user} sent an attachment.","V7iXBY7GwFs":"You sent a location.","b1af6uIHMmw":"{user} sent a location.","ssliyU4f4NG":"{user} sent a story.","_YfY9t5KQWL":"{user} sent an event.","8KU-2G3ySrJ":"Sent a story highlight","7Iefg1P6g_q":"Unavailable message","m7k67dqAe-2":"You can now message and call each other and see info like active status and when you have read messages.","aRupJlbtkO6":"You can now message and call each other.","NRCMN2f5KgC":"This account can't receive your message because they don't allow new message requests from everyone.","yoeh6xz8ysN":{"*":"Disappearing messages were turned on. Messages will disappear {number} seconds after they're sent.","_1":"Disappearing messages were turned on. Messages will disappear 1 second after they're sent."},"IR8E-wTaoC7":{"*":"Disappearing messages were turned on. Messages will disappear {number} minutes after they're sent.","_1":"Disappearing messages were turned on. Messages will disappear 1 minute after they're sent."},"FtQHajIZT7O":{"*":"Disappearing messages were turned on. Messages will disappear {number} hours after they're sent.","_1":"Disappearing messages were turned on. Messages will disappear 1 hour after they're sent."},"X1cC2Zoa_3e":{"*":"Disappearing messages were turned on. Messages will disappear {number} days after they're sent.","_1":"Disappearing messages were turned on. Messages will disappear 1 day after they're sent."},"q1Dv0IsA2nN":{"*":"You turned on disappearing messages. Messages will disappear {number} seconds after they're sent.","_1":"You turned on disappearing messages. Messages will disappear 1 second after they're sent."},"p0MNCtvKqaA":{"*":"You turned on disappearing messages. Messages will disappear {number} minutes after they're sent.","_1":"You turned on disappearing messages. Messages will disappear 1 minute after they're sent."},"kwfHljZ5QBG":{"*":"You turned on disappearing messages. Messages will disappear {number} hours after they're sent.","_1":"You turned on disappearing messages. Messages will disappear 1 hour after they're sent."},"LHoPMyBE8HS":{"*":"You turned on disappearing messages. Messages will disappear {number} days after they're sent.","_1":"You turned on disappearing messages. Messages will disappear 1 day after they're sent."},"rFeQsz2D0mv":{"*":"{user} turned on disappearing messages. Messages will disappear {number} seconds after they're sent.","_1":"{user} turned on disappearing messages. Messages will disappear 1 second after they're sent."},"vASZV8VZvhw":{"*":"{user} turned on disappearing messages. Messages will disappear {number} minutes after they're sent.","_1":"{user} turned on disappearing messages. Messages will disappear 1 minute after they're sent."},"Xyk76kpov4j":{"*":"{user} turned on disappearing messages. Messages will disappear {number} hours after they're sent.","_1":"{user} turned on disappearing messages. Messages will disappear 1 hour after they're sent."},"qtvuopqU1MA":{"*":"{user} turned on disappearing messages. Messages will disappear {number} days after they're sent.","_1":"{user} turned on disappearing messages. Messages will disappear 1 day after they're sent."},"tOdgin1piov":{"*":"Disappearing messages were changed. Messages will disappear {number} seconds after they're sent.","_1":"Disappearing messages were changed. Messages will disappear 1 second after they're sent."},"tU7ZycHCBtt":{"*":"Disappearing messages were changed. Messages will disappear {number} minutes after they're sent.","_1":"Disappearing messages were changed. Messages will disappear 1 minute after they're sent."},"SXTBhBt2NNW":{"*":"Disappearing messages were changed. Messages will disappear {number} hours after they're sent.","_1":"Disappearing messages were changed. Messages will disappear 1 hour after they're sent."},"oSyzRtJUP0d":{"*":"Disappearing messages were changed. Messages will disappear {number} days after they're sent.","_1":"Disappearing messages were changed. Messages will disappear 1 day after they're sent."},"J_nCpYMiV9y":"Messenger upgraded the security of this chat. New messages and calls are secured with end-to-end encryption.","cFpYB9yRAJx":"Messenger upgraded security. Messages in your other chat have been archived.","2BRCng4CCeO":"Instagram upgraded the security of this chat. Messages and calls will be secured with end-to-end encryption.","EP_oerZBdU2":"Previous messages may be in your other chat.","djtpytkb6Sh":"An unrecognized device was detected on your account. We recommend comparing your keys with your contacts to secure the chat.","hcupvvFLxCq":{"*":"You changed disappearing messages. Messages will disappear {number} seconds after they're sent.","_1":"You changed disappearing messages. Messages will disappear 1 second after they're sent."},"fBAvJP2p_1B":{"*":"You changed disappearing messages. Messages will disappear {number} minutes after they're sent.","_1":"You changed disappearing messages. Messages will disappear 1 minute after they're sent."},"4ozbPFF4k4a":{"*":"You changed disappearing messages. Messages will disappear {number} hours after they're sent.","_1":"You changed disappearing messages. Messages will disappear 1 hour after they're sent."},"WyaiaRRbnKj":{"*":"You changed disappearing messages. Messages will disappear {number} days after they're sent.","_1":"You changed disappearing messages. Messages will disappear 1 day after they're sent."},"iNw3Tti4Hyx":{"*":"{user} changed disappearing messages. Messages will disappear {number} seconds after they're sent.","_1":"{user} changed disappearing messages. Messages will disappear 1 second after they're sent."},"fCn7GcPwiSh":{"*":"{user} changed disappearing messages. Messages will disappear {number} minutes after they're sent.","_1":"{user} changed disappearing messages. Messages will disappear 1 minute after they're sent."},"g-ahVqaxxG1":{"*":"{user} changed disappearing messages. Messages will disappear {number} hours after they're sent.","_1":"{user} changed disappearing messages. Messages will disappear 1 hour after they're sent."},"WlJQEt8_oGK":{"*":"{user} changed disappearing messages. Messages will disappear {number} days after they're sent.","_1":"{user} changed disappearing messages. Messages will disappear 1 day after they're sent."},"Loj0OkThL6V":"Disappearing messages were turned off.","tR4q6c00--C":"You turned off disappearing messages.","M2dZfT7rhFT":"{user} turned off disappearing messages.","iGMaDEsRW87":"Disappearing messages were turned off. Turn them back on to have messages disappear 24 hours after they're sent.","HpovaTJp70W":"You unsent a message","zbO84srNMHF":"{first name} unsent a message","31MoZ8hsHC1":"{name} reacted {emoji} to your message","5oboVZPgKpA":"Reacted {emoji} to your message","j47-K7rZuN_":"A screenshot was taken.","NNSrUYXKqRz":"Current screen was recorded.","7NL8DHtxILK":"You took a screenshot.","vrGwrec4csR":"You recorded the screen.","GAoFX2GSYx-":"{user} took a screenshot.","f2dqrRKp1Rl":"{user} recorded the screen.","84N8vT7fmIh":"Messages and calls are secured with end-to-end encryption.","k7nqRDWCEqt":"Someone added you to the group. You can only see messages sent after you were added.","vzYvZZNuBUQ":"Someone added you and {user_name} to the group. You can only see messages sent after you were added.","kEvDhH7xulF":"Someone added you and {number of participants} others to the group. You can only see messages sent after you were added.","xyM-QHTai_C":"Someone added {user_name} to the group. They can only see messages sent after they were added.","5P3Id9aMhA-":"Someone added {user_name_1} and {user_name_2} to the group. They can only see messages sent after they were added.","8qUm4dkQH-w":"Someone added {user_name_1} and {number of participants} others to the group. They can only see messages sent after they were added.","3CQShXTU-3b":"You missed a call from {user}.","ZdLYEgeUYUi":"You missed a call from a contact.","hSqnAb21UU0":"{user} missed your call.","FhbzN0qv73L":"A contact missed your call.","YM-2KpKGx7o":"You missed a video call with {user}.","rUeoGw7ywMT":"You missed a video chat from a contact.","PRszNN6obpG":"{user} missed your video call.","IdxQnq18Kxe":"A contact missed your video chat.","qpT_2Hq8aLK":"You called {user}.","1D3Mug6ESYE":"You called a contact.","Q2D56NwN4Z2":"{user} called you.","-LOVer9reHI":"A contact called you.","N6tiOur0IeU":"The video chat ended.","281zrADSR3K":"You started a call.","BRFQbCVtB3g":"{user} started a call.","Y_6qv9Uzxa8":"A contact started a call.","-bjuy5QVW7S":"You started a video chat.","G7PmoxqH97J":"{user} started a video chat.","6N0ah9mUAzA":"A contact started a video chat.","EEsmX-_LHlK":"You set the quick reaction to {emoji}.","6MdK4yng1UK":"{participant_name} set the quick reaction to {emoji}.","GyMG8O-C9S5":"You set the nickname for {participant_name} to {nickname}.","WKommDcgo9P":"You changed the theme to {theme_name} {theme_emoji}.","t4yd3Wxrq8W":"You changed the theme to {theme_name}.","yuNBxRHgSDK":"You changed the group photo.","Zr0kCIYub20":"You pinned a message.","VWcKR_3CcNp":"You unpinned a message.","yI8AwJDDXA8":"{participant_name_1} set the nickname for {participant_name_2} to {nickname}.","Nu4trdH0AZV":"{participant_name_1} cleared the nickname for {participant_name_2}.","pUsACsMNiGM":"{participant_name} changed the theme to {theme_name} {theme_emoji}.","5cPy2yotEtg":"{participant_name} changed the theme to {theme_name}.","Dxwz5K9j7Bk":"{participant_name} changed the group photo.","40grJO79VQ_":"{participant_name} pinned a message.","mXVL0NDisiY":"{participant_name} unpinned a message.","6qQ7QWA5Qmg":"{participant_name} set your nickname to {nickname}.","oAeegILBLai":"You set your nickname to {nickname}.","NEVYqiJ_yny":"You cleared your nickname.","QyW1FG-2acm":"You cleared the nickname for {participant_name}.","-bMyTbFv0nI":"{participant_name} set their own nickname to {nickname}.","Yhh1rYSenJQ":"{participant_name} cleared their own nickname.","cwzLDs_ko4T":"{participant_name} cleared your nickname.","x0YG4R4fIWJ":"You changed who can add people to admins only.","OS47S8NROIK":"You changed who can add people to all members.","qoR_RAXP6cF":"{participant_name} changed who can add people to admins only.","QFNAQIQatHV":"{participant_name} changed who can add people to all members.","BGd7wYLVNyr":"A chat admin changed who can add people to all members.","ogqmOECI7p3":"A chat admin changed who can add people to admins only.","qNfUY0OKWF7":"{Platform Name} User","HYvhkJNYo2M":"Previous item","6tFY25IlnV4":"Next item","J1KJGjGSRI0":["Channel settings","f580546da084946da3d6f61e3cc636da",1],"FjEOIpwxx5G":"Chat settings","MOcENwPdyTO":{"*":"{number} matched messages","_1":"1 matched message"},"DaN6ZhVAhFM":"No participants","CYtAjqXrfJL":"{participant1} and {participant2}","0GwsaOqt1zM":"{participant1}, {participant2} and {participant3}","-HjU-GfOUIJ":"{participant1}, {participant2} and {others_count} others","Q8EKHlLB3en":"Couldn't create group","TTumxStOaLR":"Add option...","Tf8o14f91uW":"Create poll","CotUus5yWVx":"Ask a question","8LwBLF7_aVr":"Anyone can find and join this channel. If you join, it will show in your chats list. Members can see info like your Active Status and when you\u2019ve read messages.","U0QsQTXo_Q6":"If you reply, {FBFullName} will also be able to call you and see info like your Active Status and when you've read messages.","JiGe47KEv0o":"If you reply, {FBFullName} will be able to message and call you.","Wrmwnynng2F":"I don't want to hear from {name}","9ycmorSoeEo":"You can permanently delete the conversation or block {FBShortName} from sending you messages or calls. We won't tell them you've taken these actions.","tRheqFvQPs3":"You can open a message request for more info on who sent it. They won't be notified you opened it.","DXrX-aIvzqd":"Requests","wznzOkogZnD":"Members","v2htBYyRmgj":["Chat notifications","0d0b40d72cd2adc492a402e98e18896f",1],"EEpVvOonNtN":"Unmute notifications","YEwrQy1FdlS":"Mute notifications","rY0dxFqgz-w":"New message","OUbuC9yLTGc":"{senderName} messaged {groupName}","xWtep4OGpvD":"{name} messaged your group","uh-zU0Y_fAB":"{name} messaged you","tnRfHlva-bL":"Close","sqTeJmgA5ut":"Back","6lD-XyRyuHe":"Loading...","vTbx5ula3Ub":"Global","6Etcdu16Wbs":"Report a problem","65GAtmpimeL":"Search Facebook","HqO0KsGMlbJ":"search Facebook","DFgslFbdJR5":"Turn dark mode on or off","w4u2XmGo_LN":"Show shortcuts","5ycXpLiowDK":"Communities","UwVHz4hi5qC":"Search Communities","bXPAFcKoHVs":"Create an event","B9NoOgWqa7a":"create an event","ryvFG_XPxff":"Next pinned group","Co4R3_i3LJX":"Next video","ghiGJdiPxiO":"Previous pinned group","_UWyiXo4b1A":"Previous video","3bhd46OOtgQ":"News Feed","S60IOgnbCS6":"Leave a comment","8eG9xxpUBK_":"leave a comment","DX2kjgJe1lw":"Like or unlike a post","qzjRCdVl8UB":"like or unlike a post","gCb4Qn8jJYV":"Create a post","rWgYV326oik":"create a post","PENXVObp6HH":"Open attachment of post","9ZqYYIUi2ux":"view a post's photo or link","WOloUQmdmos":"Jump to the next post","pjB1urhcDtz":"go to the next post","8Xw825Irnyt":"Previous post","X1clBpl2A59":"go back to the previous post","tNIUJ6lgcTQ":"Search Messenger contacts","ZOEvffglsxE":"search Messenger contacts","xSvc24O-mfg":"See more","2JfkN_FFXsH":"see more of a post","B_iW89OoYd8":"Share post","Z6OsPJdfk0_":"share a post","BXWDUC-L-Ri":"Photo albums","B9xS9GGbzeo":"Enter or exit fullscreen","3gvTTPZFuR6":"enter or exit fullscreen","fPWFoO_4sHL":"Like photo","6boa--Dsc86":"like a photo","Cwg8ChuUCza":"Next photo","D5hbXD4Qvlf":"see the next photo","5PUjENdCJD1":"Previous photo","ap7P4LUMQ-g":"see the previous photo","E00LcbSnfXh":"Search","bmPeLBy-eKQ":"Next result","_N3WTKcqt3k":"go to the next search result","66y7Uf7htWH":"Previous result","G1e3rdFAKxh":"go back to the previous search result","er63PmpxxU9":"Chat","BoPi-Cj1ZgB":"Forward message","sAzlvATWOJK":"forward a message","yEELQaU6ZJv":"Jump to list of chats","ruOmPk73z78":"jump to the list of chats","92Cxpl6anqS":"React to message","9GZYcHNSXWM":"react to a message","r-tRfkmegvn":"Remove message","rCo38Z3GsLf":"remove a message","2livKuCsmS6":"Reply to message","HlXWG9dX1DN":"reply to a message","260-EYyZSfn":"Write a message to current chat","98yCRWkkRKQ":"write a message to the current chat","nNZJp8LGg9-":"Reload Page","NK6FnSISf2B":"Reactivate Page","KRYnHqLgyWP":"Go to News Feed","NfCVWpfhCDL":"Go back","cMm5duNHgCG":"Visit Help Center","pXUti67uBgG":"This may be because of a technical error that we're working to get fixed. Try reloading this page.","o1L-SKvTHIY":"This page isn't available right now","WW0S3bu0Fvp":"Workplace user","PghB4SzSbNm":"Instagram User","Z4zJTVwDBj8":"Horizon user","AaE4hJExM0x":"Facebook user","p-5gRHawKL0":"others","b304p5m3LLr":"Missing shortcut","IMV3Q2EUz5B":"Couldn't remove member from group","gK8LyonAlSA":"Unblock","VwQDHTMs5Bj":"Block","2FPFOBzzr76":"You've reported this chat to the group admins.","rc4cvhQhzGs":"If you report this chat, it will be sent to group admins for review.","ddF1YsNwDg4":"Cancel","m9ILY9EaLLQ":"Report","PAQ4W9lWvFK":"Report chat to group admins?","C7oYPNrxjXN":"You are the last participant in this chat. If you leave this chat, the chat and all its content will be permanently deleted from the group.","aLJ9G9O9Z-l":"Delete chat","cv8FKTkYBi3":"Leave and delete chat?","qDe6HOW_WCc":"Leaving means you can't send messages in this chat and won't receive notifications for it. You can rejoin at any time.","P-vH7rwBgCZ":"Leave chat","kdMIdWbI2GQ":"Leave chat?","2oaaptAVqIc":"An admin can add or remove group members. If you leave without choosing an admin, a group member will be selected to be admin.","BEVIOvSF3ox":"This conversation will be archived, and you won't get any messages","fW6fOUpu5tE":"You can choose a new admin from the people listed under Members. If you leave the group without choosing a new admin, the most senior group member will become the admin.","WVOuan41UU8":"Leave channel","bU3YKc9RZql":"Leave group","juCmaR5t1zN":"Leave without choosing an admin?","Bm3qtXfM1b5":"This channel will be removed from your chats. You'll need to rejoin to receive new messages.","RPa59uyqDnD":"You will stop receiving messages from this conversation and people will see that you left.","pJ_FRSGu9We":"Leave channel","ndOH7hn2AZL":"Leave channel?","J3aDAbcBDHx":"Leave group chat?","UR56yPCEkoE":"Leave chat","d6-3HUAkz-W":"Leave channel","tUW5klrDtLZ":"Leave group","d3iOAkT_5Ax":"No people found","5zKX9L3wCmC":"Meta AI","sTLNkkV9rF7":"everyone","rLeo5-LqefI":"Mention everyone in this chat","qb09B47tS-j":"here","Y9cD1qBx4DO":"Mention everyone in this chat who is active","l7kNV274w6c":["Private post","599d20d959e0009397c73fb9edb426dd",1],"2usVu04y012":"Facebook","Mn-AiVKpntu":{"*":"{number} requests","_1":"1 request"},"1G8IbFn5AD_":"On","OV_Z0FbKms9":"Off","649756JhYoL":"Members can approve","8KG8DMwi5mA":"You denied {firstName}'s request.","eHXfWEYyh6h":"You approved {firstName}'s request.","jLgyJCqobHW":"Something went wrong when sending your response. Please try again later.","jL9xwHMIAHP":"Ignore","YTcBizLEyOr":"Approve","ld9B0TvUOmE":"Any pending requests to join this chat will be approved.","j2xdp__Kgla":"Turn off approvals to join?","HeIqRmYGYaU":"Require approval to join","yAOMBpCB2Wr":"Require admin approval","mJbaZhWs6JW":"Require an admin to approve all requests to join the channel","IrnZ1LupL_f":"Require an admin to approve all requests to join the group chat","TJBIYF3KHz4":"Group options","P7x53y7bx0Y":"Anyone in the chat can approve requests to join.","fv9cc0V5kaU":"Only admins and moderators can approve requests to join the chat.","C7iPjCHkxdP":"Any member can see and join this chat.","wSyF3E_Fmrl":"Back","4FAWQwvEk9h":"Member requests","wPDFO2UUg3d":"Options","Lx8pKzR4HEu":"Requests ({memberRequestCount})"},"virtual_modules":["MWChatPollFacepile.react$fbt_virtual","LSLocalizedStrings$fbt_virtual","LSLocalizedStringsV2$fbt_virtual","AdsAIMessengerConstants$fbt_virtual","SubthreadCreationStrings.react$fbt_virtual","useMWCMCreateSubthread$fbt_virtual","MWChatReactionsAction.react$fbt_virtual","MWV2ContextualActionsButton.react$fbt_virtual","MWV2ForwardMessageButton.react$fbt_virtual","MWV2ReplyButton.react$fbt_virtual","useSupportTranslationsToggle$fbt_virtual","BaseTooltipAboveCarat.svg.react$fbt_virtual","BaseTooltipBelowCarat.svg.react$fbt_virtual","BaseTooltipEndCarat.svg.react$fbt_virtual","BaseTooltipStartCarat.svg.react$fbt_virtual","CometExceptionDialog.react$fbt_virtual","MAWAdminMsgCTA$fbt_virtual","MAWMsgReplySnippet$fbt_virtual","MessengerMuteUtils$fbt_virtual","getMAWLocalizedBumpMsgReplySnippet$fbt_virtual","getMAWLocalizedFallbackMsgSnippet$fbt_virtual","MAWAdminMsg$fbt_virtual","MAWSubscribeToContactNames$fbt_virtual","MWChatMessageBothOrientationFocusGroup.react$fbt_virtual","getMWV2HeaderSettingsPopoverTooltip$fbt_virtual","BaseProfilePhoto.react$fbt_virtual","MAWFTSMergeCutoverSearchResults$fbt_virtual","MWContentSearchUtils$fbt_virtual","MWLSThreadTitle$fbt_virtual","MAWCreateGroupThread$fbt_virtual","MWChatPollStrings$fbt_virtual","MWJoinChannelComposerPlaceholder.react$fbt_virtual","MWMessageRequestSharedTexts.react$fbt_virtual","MWInboxHeaderDetailsPressable.react$fbt_virtual","MWInboxInfoNotifications.react$fbt_virtual","MWNotificationRenderer.react$fbt_virtual","MDSDialogHeader.react$fbt_virtual","MDSDialogPageLoadingState.react$fbt_virtual","MDSDialogLoadingState.react$fbt_virtual","CometDefaultKeyCommands$fbt_virtual","CometErrorRoot.react$fbt_virtual","MWPGetThreadTitle$fbt_virtual","cometGetKeyCommandConfig$fbt_virtual","MAWRemoveGroupParticipantsUtils$fbt_virtual","MWInboxInfoBlockMessages.react$fbt_virtual","useMWCMGetReportCommunityDialogTriggerHook$fbt_virtual","useMWLSConfirmRemoveFromGroup$fbt_virtual","getPeopleTypeaheadNullStateText$fbt_virtual","MWChatComposerTypeaheadUtil$fbt_virtual","MAWFetchXMAData$fbt_virtual","FDSNumberedBadge.react$fbt_virtual","MWCMRequestToJoinUtils$fbt_virtual","MWCMInboxInfoMemberApprovalsSwitch.react$fbt_virtual","MWInboxInfoPendingRequest.react$fbt_virtual","MWCMRequestToJoinChatsRequireApprovalSwitch.react$fbt_virtual","MWInboxInfoGroupOptionsSection.react$fbt_virtual","MWInboxInfoMemberRequestsPushPage.react$fbt_virtual"]}