{"translations":{"MLd3xbTafSI":"This permanently deletes this message, but won't show that you've seen or deleted it.","sZbvz5cEYff":"This permanently deletes these messages, but won't show that you've seen or deleted them.","pKnL1Kcyxnh":"Delete","zdCU4WfWx_J":"Delete 1 message request?","6Kbu-lnpMhp":"Delete {Number of selected threads} message requests?","pC0i0CAW1ov":["Mark as read","d8de8ea2ef707a7aace4a752b147d8f1",1]},"virtual_modules":["MessageRequestsBulkActionsButtons.react$fbt_virtual"]}