{"translations":{"gIfOOQ2_f96":"Feedback submitted","MTW20M_vOvu":"Write a message","4U5hkkYl6y5":"New chat","obrYq4A4MTx":"Positive feedback button","XSpccoXfTwT":"Negative feedback button","mUqaYJ48Erc":"Message","m_OLWX7kM2N":"Previous item","XPwbX58ULdf":"Next item","fu6soEiUs4x":"See everyone","2OBcaB7QAZn":"Disappearing messages and calls are secured with end-to-end encryption.","BGxC_0TtXwE":"Retry","A4ingmAx2be":"{seconds}","vWI2ZlgwXQb":"{minutes}","25PcZ3MKsFM":"{hours}","eRreAbYsreU":"{days}","LNXEmV_oB6W":"Message will disappear in: {time}","bIolCKyk1Ph":"Remove link preview from message","NIyxBo8HYXZ":"Payment Details","PDJB6VYGeXn":"Order confirmation","HFLlRGYwWh7":"This form is not supported on the web. Please open this chat on your mobile device to continue.","jTsNVv7n_rW":"Phone verification is not supported on the web. Please open this message on your Messenger app to continue.","g-wowo_Mm7M":"Verify phone number on mobile device","yyf5QdHy0uw":"Prompt options","l-5nlfLCheV":"Close","LLSQ7_q3mOX":"Rollcall options","pK0fcBDpaEV":"This is an Altered video, {attachment item title}","dJ_qZg1Bnj2":"This is an Altered photo, {attachment item title}","9UILySlE-wD":"This is a False information, {attachment item title}","7LJaDiii2kF":"This is a Partly false information, {attachment item title}","JiWZCmbD51v":"There is a Missing context, {attachment item title}","gmdVuVfF78Q":"This is a Sensitive content, {attachment item title}","MyCNS8a0zsm":"Open Attachment, {attachment item title}, {attachment item description}","puD6Qkz5YPM":"Open Attachment, {attachment item title}","jjBS3qmKgnt":"Open Attachment","SFJQf-uN6yj":"Use Latest Mobile App","-LANapr3SYq":"Download the latest version of the Messenger app to view this message.","Dd3JSX2bl8X":"20+ replies","J-X-Y424pwe":{"*":"{number} replies","_1":"1 reply"},"z-6zXNtvXEV":"{hours}h early access","J0Qi9lOhYJe":"{minutes}m early access","0RhXAr4DyYr":"{seconds}s early access","wNWq__FwzYH":"Join for early access","naqiogLE-_g":"LIVE","Ck-x9Kir4L3":"Join to see live video","kmxJ_4_Q1ZP":"Facebook","EXLuTpYr-at":"Click to see post","N1DOsSnTIti":"Facebook","grvWiY5ySlo":"Message containing multiple sub messages","ZVTrlU5XFyD":"Ended","n-gZnixlPi3":"Ends tomorrow","mdS85EDmHlw":"Ends at {time}","iEcmesFoHMR":"Added","FgpGUEY9N0G":"30d+","UZjF4IaHC-f":"{days}d late","4LZO7x78s0P":"{hours}h late","JXYYWJwIx9x":"{minutes}m late","bLtIFgZUFni":"Message sent before this device was added to this conversation. This message cannot be delivered.","M9fzIhDqITQ":"Message failed to deliver","pGZ-I0iz-G0":"Story unavailable","LQVpvI75ts_":"Learn more","Sk-r4mWi0bD":"Expand video","962PS6SI-P2":"Error rendering media","uiTAWyhPCWI":"File","mrw3CpFXi7r":"Open photo","Uhh5LwoNOuv":"Unsupported attachment","i65FoHjBJBT":{"*":"Seen by {full name} at {seen time}"},"o0y2JESDXU1":{"*":"Seen by {full name}"},"xJFzJjmgrii":"Seen by everyone","anoMlIo0TA0":{"*":"{full name}"},"rtgGiNEWfHK":"Seen by {full name}","_KIWePVuuHb":"Seen by {seen count}","DGTdcv4yxEO":"Delivered","HWY7OcPbAjW":"Couldn't send","ge1hq8iGlfw":"Loading...","VG5ajSXV9DG":"Click to retry.","-KPam8KdjJ8":"Sending","FdnMQ3ayYbi":"Sent","U5V4JiyTDSI":"Details and actions","GoIrDg5lzef":"Close details and actions","ctLNxPXr8we":"Enter","g90cYI08lR4":"You","I4KHPAQ-RAf":"a participant","BGN2Md9i0L4":"Message sent {Stringified timestamp of the incoming message} by {Name of the author of the incoming message}","PEyi9JodUw1":"Esc","7kFsaJ4_Q_k":["Skip to details and actions","72920428a45b969c9dad788a656c323c",1],"0TSM4SpHjsx":"Learn more.","t0_WbzixXKp":"Learn More","8YEBJluoCs5":"Learn more","pLiiclD1jc1":"Original message:","ExfgVu3ZeIV":"Attachment","LRWYiWT4b63":"Message expired","bznTdd53oJN":"Photo","eNDXc9eUfIy":"Original image","uG4wbYWD9QU":"Message removed","13yhS1gywbZ":"Sticker","thxINaLEtLl":"View story","G4Bi2CYTkJR":"Member","AaE4hJExM0x":"Facebook user","KVtJcih6CQz":{"*":"and {count} others","_1":"and {count} other"},"GTBXwO8BaZr":"Loading...","pugXv5G1XoG":"Reactions","tSgM5wXgT0G":{"*":"{number} reactions with {the comma separated list of emojis used to react on this message}; see who reacted to this","_1":"1 reaction with {the comma separated list of emojis used to react on this message}; see who reacted to this"},"fgvjfNhcDBr":"Error displaying this message","_lYaXtrKDTe":"{first name} unsent a message","I-2GRtvMpnJ":"A contact unsent a message","eGohYC1zonu":"You unsent a message","8jyfQXNgswL":"See details in activity log","L93MxMH-RPL":"Sent: {time}","6L85PWgp0uQ":"Unsent: {time}","exEcskNfDMO":"Removed: {time}","OwAZycr4-8G":"Waiting for this message. This might take a while.","8eZEd_EeDsx":"Message unsent","GNnexJRNZQN":"{time}","8dc_hiLyYbc":"See third-party fact-check","fTQoFWqjgLD":"\"{quoted text}\"","P-dEPoA1cwy":"See why","utVE8Q7pcEU":"Hide Original","kBXvWwvKjDy":"Show Original","2-Q8CjJAjMD":"More","vzmOniQEuzD":"Click to view","wurNpoApU1z":"Sent {minutes}m ago","Og6TIDKGh51":"Sent {hours}h ago","_ys48wQwNKi":"Sent {days}d ago","8_D_WS90lqj":{"*":"and {Number of additional views} more"},"hpZlVXKj1CE":{"*":"+{the number of additional viewers}"},"JhvMDLpCFuF":"Seen by {number of participants who have seen this message} participants","SlWkB_YFGR6":"Seen by {seenByNumber}","hxhFsSrRndH":"Forwarded many times","_8ZpqsY3Jrg":"You forwarded a link","INRUrq18hhv":"You forwarded an image","Z71bv2q5yoA":"You forwarded a video","8h2fNslikTS":"You forwarded a message","5GN3g82hBzH":"{name} forwarded a link","NQwzfDxVOf0":"{name} forwarded an image","QvgCMGMfMHB":"{name} forwarded a video","1jGDZrisR_E":"{name} forwarded a message","QhCmPJ-QbeG":"Forwarded a link","vFSMWshNg-J":"Forwarded an image","U5_TMTE9DWx":"Forwarded a video","CmZMizVeMX7":"Forwarded a message","Mh0-kan22Pe":"Edited","WqoEC9S0Sry":"Hide edits","3fxL6sM27ni":"Edited","0I22sJ_f1hm":"View edits","950lIWTelJN":"You sent","uufWL2Zp_42":"Participant","l4xCpI5VHpV":"Admin","hz8R4t8GDy7":"Moderator","bZRJOb_t9fa":"Host","4LwiFWKMkVy":"You","3kkmPi45q6Z":"Blocked","hknrqEeMk6h":"Pinned","lpeJtmI6peT":"Pinned your reply","bGQxu-uwmpe":"Pinned {name}'s reply","dAK4xN4bf5e":"Unread messages","2R6ky2hU7sc":"Your followers will get an invite to join after you send your first message.","mjI7Tnaq_t2":"Welcome members with a poll, behind-the-scenes photo or voice message","Kow3rs5K3HC":"End-to-end encrypted","yxX1nJvmnv5":"Messages and calls are secured with end-to-end encryption. {=m1}","bPYVQTNBjFa":"{=m1}","vo_wtcDrjQ6":"Learn More","PnVpnKg9Gg_":"Refresh","5MDaoXA0f1Z":"AI","mZcaI1xn9AA":"Go to most recent message","Tbm_Qb_Y-B5":"{The participants name} is typing","YLfbVFP1cLb":"Multiple participants are typing","NOo4A_R8oVU":"Messages in conversation titled {name of conversation}","KCW8qihKWub":"Messages in conversation with {participant list}","KhMMxBdqg3x":"Play","2rBFW-RfRDV":"Stop recording","IubwmxlTNhe":"Pause","cCPjPb_WWZb":"Audio scrubber","0poPtptaPoq":"Increases slider value one step.","rYkfY7o-Wnk":"Decreases slider value one step.","1Lid3qpGe7D":"Decreases slider value one step.","SFoCE2wpUn9":"Increases slider value one step.","d6P7X8Ve8io":"Sets slider to its minimum value.","QXmXaNdkPYM":"Sets slider to its maximum value.","cwU_O5_fD5E":"Close chat","lJTlDYURTnq":"Close Chat","ixaC9ybh3Q8":"You invited them. They will only see messages sent after they join.","_yUMmqEez-U":"Some people can't see this chat yet","J_HXGmiXLis":{"*":"You'll be able to send messages when {message recipient name} next logs into Messenger."},"9vfr7-Uns9r":{"*":"{message recipient name} can't access this chat yet"},"a2BigkmhfXY":"Cancel","07aSX1Sv-Xl":"Upload another file","450DFbxuM_0":"Choose an emoji","36XeYdlCuO8":"Edit message","NFQuJJERXoJ":"Cancel edit","645ugDJYeSD":"Edit","fJLp3hO2Ffq":"Sticker","t6anprzsvcb":"This message was sent before the chat was end-to-end encrypted.","OtyP2J0Nwkd":"Removed message","C1Hm6KH3mNE":"Message","vuq_ksOZBHO":"Image","7zoxdliwH6N":"Sticker","d9ky9I-E6BP":"Video","i96Qg8bFARm":"GIF","omHtTlKW02d":"Audio","L554Fq7JwGo":"Attachment","6IDa6GP9mPa":"You can't reply to this message","iW_IRrZDexS":"Replying to yourself","O5URXTVzEEM":{"*":"Replying to {name}"},"Tq-wGwf_lB-":"Replying to Facebook User","viMkwR52t0r":"Replying to message","jHl6Cj_8ioz":"Cancel reply","I4cDESLQyuo":"Replying to message has been canceled.","2kGg_y6m8FS":"View menu options","rZOmP6eifIV":"Press Cmd+Enter to send","ylwhpFdWk4l":"Press Ctrl+Enter to send","7975gRkNyLl":"Press enter to send","HXazdxq92Fj":"Choose an emoji","irWVZkNfl97":"Attach a file","J6q-Bfr0oTE":"Choose a gif","gaxHiFwvIGk":"Close","SFruYEeI3S-":"Close more actions","PUPO-44z1pF":"Open more actions","JpwWRvbxl3y":"Remove attachment","8hA9c1hfIdg":"Attachments","AZYBx6Ry0lI":"Write to {name of conversation}","a-kg7czmDb1":"Write to {participant list}","J510aPC_joc":"Thread composer","rp1B2ks3qwV":"The file you have selected is not a valid format.","xqsOpg5ebEg":["Invalid file format","f90fb65f92ad8ac33f140b8be3c9eed1",1],"Tr8urrZ1rc1":"The file you have selected is too large. The maximum size is {size}MB.","GVmFuh2jycz":"Failed to upload files","TAA-hbgGa5n":"You can only attach a maximum of {limit} files to a single message.","L_Ni3O-TarB":"Unable to attach files","-3D7kzgvAq5":"You can only attach a maximum of {limit} media to a single message.","syTHdrAlZYC":"Unable to attach media","1WylqAbhvtc":"One or more selected files are not supported.","hio_8S892IQ":"Unsupported File","M7mGXjgzxvT":"Certain file types are unsupported in this chat.","UaK2GgtSNQH":"Some files are unsupported and cannot be shared to this chat","Cpq0daihgaG":"Drop files here","cHTRYg3bfeC":"Sorry we are unable to preprocess or upload the media you provided.","shIDOoHHO5L":"Failed to upload media","ey53XOJ4uK9":{"*":"{number} commands","_1":"1 command"},"7NhHq3FFyid":"Go to notification settings","y4SjVH1sWqP":"You'll receive notifications for this chat unless you mute them or change your settings.","Y1eNmRtGK12":"Welcome to {param} \ud83d\udc4b","moy48BoqFvP":"You are messaging from your personal account \"{full name}\"","vs4VWaH-KyB":"No internet connection","t43xAFuvvRz":"Connecting...","FoZB3MxTOU9":"This person is unavailable on Messenger.","TDoMKgQOS58":"Cross-app messaging update","9PUf24O7tfB":"After mid-December, you will no longer be able to chat with people on Instagram from a Facebook profile, so this chat will become read-only. Start a new chat on Instagram to continue the conversation.","W_KwwnBzw9K":"Learn more","k2cKnwAsyRP":"Hide updates","ZpmrUMcuTWA":"See {number of admin udpates} updates","fM-I8ly761K":"silent","bcTzx6eBHE9":"Send message without a notification","7VvIEysTDk2":"Loading more messages...","I2SwG7QkbS2":"{header value}","kg4ss1ruH19":"{message value}","lh-XuPg59Gs":"{CTA text value}","RPa59uyqDnD":"You will stop receiving messages from this conversation and people will see that you left.","QD3NL6bztov":"Leave conversation?","-p5reen4SU3":"Block","9sXJViR2MXn":"Leave","lzIMTtzL2x8":"","Zo8nGcr-Wbu":"This group has people from Facebook and Instagram","dGW95F1FSGX":"If you reply, you and other members can see information like when you've read messages.","MWNB1ho8ez7":"If you reply, everyone in this group will be able to send messages and make group calls.","8Xn13sU52xi":"If you reply, you and other members will be able to make group calls and see information like when you've read messages.","CEpoRXODTMn":"You're messaging an Instagram account","WhaEH6LWAgw":"If you reply {XACDisplayName} ({XACSecondaryName}) will also be able to call you from Instagram and see info like your Active Status and when you've seen messages.","qZp511P-lrQ":"If you reply, {XACDisplayName} will also be able to call you from Instagram and see info like your Active Status and when you've seen messages.","UMff0aQK9RN":"If you reply, Instagram User will also be able to call you from Instagram and see info like your Active Status and when you've seen messages.","PiWKQUwgi8l":"{Composer info message}","5qC4Qq1WTkB":"If you reply, Facebook User will also be able to call you and see info like your Active Status and when you've seen messages.","OllJcbQyTkT":"Delete","viCgEPmOyD5":"Something isn't working.","FrvKCKsD46D":"This may be because of a technical error we're working to fix.","E5yAiYeCVHB":"You can no longer chat with people on Instagram from a Facebook profile. Start a new chat on Instagram to continue the conversation. {=Learn more}","6xAG31n9hza":"You can't message this account.","JkBfzTduzvJ":"Message request sent","uoHFfFcMxzY":"You can send more messages after they accept. {learn_more_link}","rXNZmFzbPda":"You've reached the message request limit","P-AUqVlI57w":"There's a limit to how many requests you can send in 24 hours.","pzPWkkyVYqg":"Menu","MtDrzd4mllU":{"*":"You can't send messages in community chats and channels for {number} hours","_1":"You can't send messages in community chats and channels for 1 hour"},"Oh7AJclyvOB":{"*":"You can't send messages for {number} hours","_1":"You can't send messages for 1 hour"},"XJkVHKZY5be":"You can't send messages","DoFdcIuVM_E":{"*":"You can't send messages in community chats and channels for {number} days","_1":"You can't send messages in community chats and channels for 1 day"},"RWH0KbM4haJ":{"*":"You can't send messages for {number} days","_1":"You can't send messages for 1 day"},"7_EenTF_FJG":"Something you sent in a chat went against our Community Standards.","phCVAIUGUlz":"Your Page is restricted because you sent messages that went against Community Standards.","9oilSt_qVYo":"Learn More","_Q1doHhXtgm":"See Community Standards","6ygymPD56Yw":"Copy link","NNt0oNKP6tq":"Link copied","zzzD0_ypABg":"Share","4Z6iwQf0KqP":"Invite","a3y4zGfm_2Z":"Edit","5q5wieIjbh7":"Add","um66LGyp2bC":"Info","_jI2RJo8mJV":"Name","1cAdDa3Rt1T":"Contributors","1Av2Yy1o2_Y":"Members","4WMqcKoHbeS":"Messages are missing.","KfRv84gajDv":"Restore now","xgjHlv2kQPY":"Media","X9DncealQbJ":"Audio","rZqTMZ7dJmB":"Sticker","qqvxkP_nlPB":"GIF","BbHS9IlclMk":"File","KsTQ68TZNpQ":"Attachment","uKLUxuQU_CD":"Pinned Messages Banner with last pinned message by broadcast channel admin: {lastPinnedMessage}","YIRbXxGdt3C":"Pinned Messages Banner with last pinned message: {lastPinnedMessage}","Dezv4EV21yi":"{channel_creator_name}{middot} Admin","5htmo3zfvNj":"{message_sender_name}","ffo2a6Rimy8":"Videos sent in message requests are covered.","SmhjEO8LZM7":"Images sent in message requests are covered.","fSHhveuOoUn":"Media sent in message requests are covered.","9LbnXUNEOkH":"Click to see blurred video","grSMjsZRe9-":"Click to see blurred image","4a9auIct2D0":"Click to see blurred media","_nqNxb75_gn":"Click to see video","cegqh2566-V":"Click to see image","NU6koyzdQfy":"Click to see media","xlczHN0K-Kb":"Couldn't download {errorQuantity} of {totalQuantity} images","9pTPm1txftc":"Unsupported file format","jCbL2nmLvOs":"Couldn't download","zLWQrS74qZX":"Tap to send","pMA_7iE0GY1":"When you send a message, {name} will see your {= public info link}.","WAqQCKR95Tr":"public info","Q9FyIHvWIxM":"{forward title}","LPdQYmdaw5d":"{reply snippet}","1b0bN0cduWX":"You sent,","3ymXOGN3z8-":"{name of sender} sent,","bWQyKZ80V0d":"{name} wants to join","ZU2Oj6CpDJW":{"*":"{name} and {number} others want to join","_1":"{name} and 1 other want to join"},"N4aWocdoeuZ":{"*":"See requests","_1":"See request"},"wwx2l6C4JXf":{"*":"{number} member requests","_1":"1 member request"},"OzQk4bc7gK8":["Send a like","c94482ebd9b72b746183c50a4d4208d6",1],"tAqfCk1edp7":"Send a {emoji}","CsSxx_HAT5f":"Send a {emoji}","ZN4i-76hXIi":"Report","5ZwW1dU-TAQ":"[Employee-only] Detected Missing Messages. Please submit a bug report to Messenger Web","OsFN0XAyv2W":"{date} at {time}","I7gnNejSDJn":"Today at {time}","18g5xTeqQyg":"Yesterday at {time}","6hOHFFmfNGd":"Tomorrow at {time}","YLEewsPX1Ff":"Next","racSmevYoYZ":"Send","1b6dQcj_nOc":"Collect text and link responses","TBziAJEAe-m":"Collect photos and videos","oEdtqK8h88D":"Members can respond to prompts with a photo or video. All members can see others' responses.","BNDx1mX2nlz":"The file you have selected is too large. The maximum size is 25MB.","pixrfe3xOeN":"Text","YL2kX1525pI":"Media","_58Ig9CWslh":"Could not create prompt","ALK-qDDamkT":"New prompt","AmOrybl4tkj":"Voice calling is not supported on this browser","7OlJstElKZQ":"Start a voice call","Jezj_QnZwHq":"Join audio chat","LWBq4gDrf_a":"Join video chat","peNbbKoq33W":"Video calling is not supported on this browser","BhmiwbAyMN2":"Start a video call","YANDQDfyQrm":"Create a poll","HlC08Cr4XB6":"Create prompt","430IPCMJAf3":"Choose a sticker","Cn3aSQ9nsyA":"Send a voice clip","EpdLnM9AeUo":"Today","fqLNX_G5Htn":"Thumbs up sign","XuqBXexse6H":"{pack name} {sticker name} sticker","coz4yRiHZKL":"Close","sqTeJmgA5ut":"Back","tnRfHlva-bL":"Close","6lD-XyRyuHe":"Loading...","jgmXxuToE9n":"Something went wrong.","RFzgABpry_D":"Verify end-to-end encryption","LQDyKCJt3C1":"Disappearing messages","kPTB9lKW1L9":"Unmute notifications","x7KvCm-JERi":"No channels selected","wJdeV4am2nI":"Change chat info","DsHj_0ew-eJ":"Delete channel","dsJd1VRZGom":"Delete chat","dwVOag0K5ll":"Anyone can see who's in the Facebook group and what they post.","uYNkABZ_Kpd":"Anyone can see who's in this community and messages they send.","mGSAZ1zsKik":"Only members can see who's in the Facebook group and what they post.","_hGGAZAZFPK":"Only members can see who's in this community and messages they send.","kw_7ER2LgGP":"Public","OFN0-q_WIRf":"Private","HnCedBHVI70":{"*":"{memberCount} members","_1":"{memberCount} member"},"mXgmxaa1LaD":"See group on Facebook","MrHj_9znl1_":"Welcome to {communityName}","dIo0pOtehyL":"No chats selected","ILJ5WfVYxF_":"No chats selected","CHnyxuUNpic":"Report to admin","MTG9PJAasXF":"Resume channel","kHldi0JhnpQ":"Pause channel","QpKmIM5rjsV":"Resume chat","zuRMhdc_WHY":"Pause chat","v-GyjylvRCq":"Change emoji","wvLK8EeGoZp":"Edit nicknames","K4v4HWgVO3X":"Change photo","dDStZuZJUh4":"Change theme","7EOdRQcbNwG":"Change channel name","dmgjd9ar4Od":"Change chat name","WIOuJf2HAA2":"Customize channel","RXDrckrzwGp":"Customize chat","PVsnMVmoms1":"Profile","bC1z_9xgpXa":"Invite","xerGPrX4KDp":"Unmute","MfXgoa-1AgA":"Mute","3RmVIeCdgPa":"Search","AR0EXhdbXqJ":"Invite only","2Tijp2ORsFi":"Broadcast","iQWWzlwCbwK":"Channel info","2VyuXNJPq8c":"Chat info","DSNu3nmbdz0":"Contributors","vIXzo8z-i9s":"Chat members {member_count}","1uZ4DO16hPR":"Channel members","4d9xLPGdRx4":"Chat members","Z6FLOxY2yEi":"Member requests ({memberRequestCount})","CWieUaK5zLC":"Ignore messages","QGSngc6L81q":"Unrestrict","IKLSuK5yrjw":"Restrict","Bk2xvWACf8O":"Unrestricting...","dJX2fo9c_N0":"Restricting...","M165p0BvI51":"Report","CC1tn_D2Jx5":"Give feedback and report the channel","o5Fp06AWpMP":"Give feedback and report the conversation","FdhH3NKAW0i":"Privacy & support","0toEj9qzqL7":"Media","T9huP1i8gJl":"Files","HIyYRXboLqA":"Links","dJk1mWaib2B":"Media, files and links","E_XP2V0Yw7L":"Media & files","_Jf3xfDnux8":"{inbox} \u00b7 {unread count} unread","KywYtUMd6c6":"Archive","uVYAP1QELRF":"Support","nSEp1O7rP-H":"Chats","vA23d0sLdQV":"Marketplace","bSN-qvSZk18":"Requests","xLR-DZaxuMO":"{folder name} (muted)","GOfXC1vXSCh":"{folder name}","5ysFgvrWnTL":"{folder name}","VBZDQdSrv3J":"{folder snippet text}","Gk2PnGdH3m7":"Done","CEVmG20xvjn":"Manage","_gMkQYrleJD":"Communities","6DlW9rWUwr2":"All communities are hidden","FeCWjfimZo6":"Settings, help and more","oU7DOxWN8Kh":"Expand inbox sidebar","P0xvm4CYuJo":"Collapse inbox sidebar","HIQPRAlde8R":"Chat with {name}","Lxd1xGGJqGH":"Chat with Supervisor","K3ZixU2Ngjq":"View settings","klWT2tTjWiv":"It takes 24 hours after supervision is removed before your scheduled breaks are also removed. You can use Messenger again then or after your break ends at {time}","O2q15BYofQH":"Learn more","VZsQYGhDMnU":"Switch account","EMd2E8yTDbT":"Report a problem","dv0U-lBKZ9F":"Privacy Policy","iV2OddJlExb":"Terms","DfxWgrx2TO4":"Cookie Policy","kEafsHixEQi":"\u00a9 Meta {year}","G713dSBpDGX":"It's time to close Messenger. You can still reach {name} but won't be able to chat with others until tomorrow.","HFv12YuDh2z":"It's time to close Messenger. You can still reach your supervisor but won't be able to chat with others until tomorrow.","6OuNorwLoMC":"You've reached your daily time limit","KxsnbUKeJk6":"You can still reach {name} but won't be able to chat with others until {time}.","FWwJEkhUpBa":"You can still reach your Supervisor but won't be able to chat with others until {time}.","yyiwt6oPHd4":"You're on a scheduled break","O_b3gDndm9O":"Invalid link. The link you clicked does not exist.","vOZNfcK3lWm":"Commands","Umllh0M6ovK":"Page options","DdtnpbZUIZ1":"Sidechats","6my_dHYrEgh":"Chat Information","LIUTUi6XmFr":"Conversation information","nbVG5kvq3se":"No results","P0_Uuj5Vvta":{"*":"{totalResults} results","_1":"1 result"},"6VeaT5-Vn71":"Clear","dbjMDsLSJ_C":"Previous","c2UIg9XVAm2":"Copy link","0TvIFRfN8w3":"Something isn't working. This may be because of a technical error we're working to fix.","NKkDGC_RZTZ":"Exit typeahead","AbYbezaXn3z":"First profile photo","3bEQWK4vhL3":"Second profile photo","J8wzsk0UAub":"Meta Ai","VRDgPvoq17U":"Compose","uhF6__U4Uqu":"New message","Wh17zqow6GS":"Create community chat","JamETNXLecz":"AI","MsgX-pcOE1N":"Your contacts","vQgw_4Xpge6":"Ongoing call","9FTPnWJWCay":"Chats","hy6ek2ZfHnC":"Clear","kjfZwRT5xYf":"Nothing found","vJvyHT-oIpm":"We couldn't find any matches for \"{query}.\" Try checking for typos or using complete words.","PXg4X26-RXS":"Secret conversation","ktsKn3dbNLm":"Search Messenger","wCWGz0nEOur":"Search messages","Q_MH9XgGK-b":"Exit typeahead","tbvhVTA-yI9":"No results found","7sQgaDZ03Bs":"Try again with a different spelling or combination of terms. Complete words usually work best.","VxjkmVoa-V3":"Press \"Enter\" to search.","wSyF3E_Fmrl":"Back","vfRbrjmJRGC":"If you can't find the message you're looking for, try searching the Messenger mobile app.","EX8KLhn15Mm":"Search","MSW5_lHeK0k":"New message","_UPRmq3BtqQ":"New message to {participant list}","vTNMLPGgu4X":"Delete message draft","N8crnPq-zd1":"Spam","Yxm-6KVT3xg":"Marketplace","yJarfmqcRDP":"Jobs","wMp3E8BZpm9":"Syncing chat history. {=m2}","BP2JiyKQCq7":"{=m1}","wE6dUbzqhnO":"See progress","0ZWngROyJEg":"If you don't see the result you're looking for, you can search within a chat or from your mobile app.","a_qj__uOTBG":"Close","PS-q9pFoZzf":"Back to previous page","cCrSTii9yXy":"Close","wZUmiZR2EZl":"\"{command_key_description} ({command_key_group})\"","ZmV7RuEynfV":"Loading...","mZUSsgKzhwX":"Dark mode is turned off.","5t1YIaW-UDE":"Dark mode is turned on.","Q-vto5vvOcx":"Close","NI80z9qwCsg":"Your browser is no longer supported. Please update to a newer version for the best experience. {=m1}","UC-pVGmgEdf":"Learn More","fFtSbZ_8XIe":"Leave Page","F9RZzGvnDZU":"Stay on Page","hEexArbfHxf":"Leave page?","nNZJp8LGg9-":"Reload Page","gd43V499x6U":"Go to Inbox","NfCVWpfhCDL":"Go back","cMm5duNHgCG":"Visit Help Center","pXUti67uBgG":"This may be because of a technical error that we're working to get fixed. Try reloading this page.","o1L-SKvTHIY":"This page isn't available right now","fQzJ2wlGQ9v":"Click the settings slider icon to give {browser_name} permission to send you desktop notifications.","snS_e-k_XHB":"If you change your mind, click the settings slider icon to give {browser_name} permission to send you desktop notifications.","A9Dnz89oPKf":"Click the lock to give {browser_name} permission to send you desktop notifications.","_Rm1fgWzjfd":"If you change your mind, click the lock to give {browser_name} permission to send you desktop notifications.","UJFQkCMRFkv":"{Inviter Name} invited you to join","4F6x7gUU1-S":"Message request","9ZFn8zMzjpf":"Messages are secured with end-to-end encryption.","-gVxfbL98KU":"Group creator","f5eT3exzwCo":"Inbox switcher","WBTDikjpKY0":"Thread list","Dhqps3_K2SP":"(Link is external)","6PsW1rtGQrm":"{name of the progress stepper}, currently on step {current step} of {total number of steps}","MUYOo_Gr_mG":"Progress, currently on step {current step} of {total number of steps}","Gd9pKk_RB8V":"{current step} of {total number of steps}","1CNg5KuEhpK":"Thanks for your feedback.","vE0j78fjPfz":"Was this tip helpful?","JbNKuxJzAoE":"Yes","ND9qfdRQnD9":"No","RY8ihB-AncI":"Done","vVNuK-7xkTl":"Next","ITdZE8FVnv1":"Refresh","JZ_cnbet5Qa":"This page is out of date. Please refresh your browser.","Obip5oOzxbP":"Refresh your browser","UmQdCpWvrAZ":"This page is out of date. Please refresh your browser.","jtGniKYxaWS":"Please refresh the page and try again.","YsIOSuq9mO4":"An unexpected error occurred","togU-Aj2W-U":"Languages","o-jx1tTfIHQ":"We use cookies to help personalize and improve content and services and provide a safer experience. You can review your cookie settings on your browser at any time. Learn more about cookie uses and controls in our {=m1}.","fHOyMWVgbZE":"Cookie Policy","Lnl2PsTHbCW":{"BULLETIN":"Allow the use of cookies from Bulletin on this browser?","COMET":"Allow the use of cookies from Comet on this browser?","COMMERCE_PARTNER":"Allow the use of cookies from Commerce Partner on this browser?","ELECTIONS_POLICY_COUNCIL":"Allow the use of cookies from Elections Policy Council on this browser?","ENTERPRISE":"Allow the use of cookies from Enterprise on this browser?","FACEBOOK":"Allow the use of cookies from Facebook on this browser?","FACEBOOK_COMET":"Allow the use of cookies from Facebook Comet on this browser?","FACEBOOK_UNCONNECTED_GAMES":"Allow the use of cookies from Facebook Unconnected Games on this browser?","FORWORK_META":"Allow the use of cookies from Forwork Meta on this browser?","IMAGINE":"Allow the use of cookies from Imagine on this browser?","INSTAGRAM":"Allow the use of cookies from Instagram on this browser?","MAPILLARY":"Allow the use of cookies from Mapillary on this browser?","MESSENGER":"Allow the use of cookies from Messenger on this browser?","META":"Allow the use of cookies from Meta on this browser?","META_ADS_MANAGER_FOR_EXCEL":"Allow the use of cookies from Meta Ads Manager for Excel on this browser?","META_AI":"Allow the use of cookies from Meta AI on this browser?","META_CAREERS":"Allow the use of cookies from Meta Careers on this browser?","META_HORIZON":"Allow the use of cookies from Meta Horizon on this browser?","META_QUEST":"Allow the use of cookies from Meta Quest on this browser?","META_SPARK":"Allow the use of cookies from Meta Spark on this browser?","NOVI":"Allow the use of cookies from Novi on this browser?","OCULUS":"Allow the use of cookies from Oculus on this browser?","OFFICIAL_REQUESTS":"Allow the use of cookies from Official Requests on this browser?","OVERSIGHTBOARD":"Allow the use of cookies from Oversight Board on this browser?","PORTAL":"Allow the use of cookies from Portal on this browser?","RECESS":"Allow the use of cookies from Recess on this browser?","THREADS":"Allow the use of cookies from Threads on this browser?","WHATSAPP":"Allow the use of cookies from WhatsApp on this browser?","WITAI":"Allow the use of cookies from Wit.ai on this browser?","WORK_ACCOUNTS":"Allow the use of cookies from Work Accounts on this browser?","WORKPLACE":"Allow the use of cookies from Workplace on this browser?","WORKROOMS":"Allow the use of cookies from Workrooms on this browser?"},"pO_98BAIxnR":{"BULLETIN":"Accept cookies from Bulletin on this browser?","COMET":"Accept cookies from Comet on this browser?","COMMERCE_PARTNER":"Accept cookies from Commerce Partner on this browser?","ELECTIONS_POLICY_COUNCIL":"Accept cookies from Elections Policy Council on this browser?","ENTERPRISE":"Accept cookies from Enterprise on this browser?","FACEBOOK":"Accept cookies from Facebook on this browser?","FACEBOOK_COMET":"Accept cookies from Facebook Comet on this browser?","FACEBOOK_UNCONNECTED_GAMES":"Accept cookies from Facebook Unconnected Games on this browser?","FORWORK_META":"Accept cookies from Forwork Meta on this browser?","IMAGINE":"Accept cookies from Imagine on this browser?","INSTAGRAM":"Accept cookies from Instagram on this browser?","MAPILLARY":"Accept cookies from Mapillary on this browser?","MESSENGER":"Accept cookies from Messenger on this browser?","META":"Accept cookies from Meta on this browser?","META_ADS_MANAGER_FOR_EXCEL":"Accept cookies from Meta Ads Manager for Excel on this browser?","META_AI":"Accept cookies from Meta AI on this browser?","META_CAREERS":"Accept cookies from Meta Careers on this browser?","META_HORIZON":"Accept cookies from Meta Horizon on this browser?","META_QUEST":"Accept cookies from Meta Quest on this browser?","META_SPARK":"Accept cookies from Meta Spark on this browser?","NOVI":"Accept cookies from Novi on this browser?","OCULUS":"Accept cookies from Oculus on this browser?","OFFICIAL_REQUESTS":"Accept cookies from Official Requests on this browser?","OVERSIGHTBOARD":"Accept cookies from Oversight Board on this browser?","PORTAL":"Accept cookies from Portal on this browser?","RECESS":"Accept cookies from Recess on this browser?","THREADS":"Accept cookies from Threads on this browser?","WHATSAPP":"Accept cookies from WhatsApp on this browser?","WITAI":"Accept cookies from Wit.ai on this browser?","WORK_ACCOUNTS":"Accept cookies from Work Accounts on this browser?","WORKPLACE":"Accept cookies from Workplace on this browser?","WORKROOMS":"Accept cookies from Workrooms on this browser?"},"-xQZejMhxtw":{"BULLETIN":"We use cookies and similar technologies to provide and improve content on Facebook Products, provide a safer experience by using information we receive from cookies on and off Bulletin, and provide and improve Facebook Products for people who have an account. {=m5}.","COMET":"We use cookies and similar technologies to provide and improve content on Facebook Products, provide a safer experience by using information we receive from cookies on and off Comet, and provide and improve Facebook Products for people who have an account. {=m5}.","COMMERCE_PARTNER":"We use cookies and similar technologies to provide and improve content on Facebook Products, provide a safer experience by using information we receive from cookies on and off Commerce Partner, and provide and improve Facebook Products for people who have an account. {=m5}.","ELECTIONS_POLICY_COUNCIL":"We use cookies and similar technologies to provide and improve content on Facebook Products, provide a safer experience by using information we receive from cookies on and off Elections Policy Council, and provide and improve Facebook Products for people who have an account. {=m5}.","ENTERPRISE":"We use cookies and similar technologies to provide and improve content on Facebook Products, provide a safer experience by using information we receive from cookies on and off Enterprise, and provide and improve Facebook Products for people who have an account. {=m5}.","FACEBOOK":"We use cookies and similar technologies to provide and improve content on Facebook Products, provide a safer experience by using information we receive from cookies on and off Facebook, and provide and improve Facebook Products for people who have an account. {=m5}.","FACEBOOK_COMET":"We use cookies and similar technologies to provide and improve content on Facebook Products, provide a safer experience by using information we receive from cookies on and off Facebook Comet, and provide and improve Facebook Products for people who have an account. {=m5}.","FACEBOOK_UNCONNECTED_GAMES":"We use cookies and similar technologies to provide and improve content on Facebook Products, provide a safer experience by using information we receive from cookies on and off Facebook Unconnected Games, and provide and improve Facebook Products for people who have an account. {=m5}.","FORWORK_META":"We use cookies and similar technologies to provide and improve content on Facebook Products, provide a safer experience by using information we receive from cookies on and off Forwork Meta, and provide and improve Facebook Products for people who have an account. {=m5}.","IMAGINE":"We use cookies and similar technologies to provide and improve content on Facebook Products, provide a safer experience by using information we receive from cookies on and off Imagine, and provide and improve Facebook Products for people who have an account. {=m5}.","INSTAGRAM":"We use cookies and similar technologies to provide and improve content on Facebook Products, provide a safer experience by using information we receive from cookies on and off Instagram, and provide and improve Facebook Products for people who have an account. {=m5}.","MAPILLARY":"We use cookies and similar technologies to provide and improve content on Facebook Products, provide a safer experience by using information we receive from cookies on and off Mapillary, and provide and improve Facebook Products for people who have an account. {=m5}.","MESSENGER":"We use cookies and similar technologies to provide and improve content on Facebook Products, provide a safer experience by using information we receive from cookies on and off Messenger, and provide and improve Facebook Products for people who have an account. {=m5}.","META":"We use cookies and similar technologies to provide and improve content on Facebook Products, provide a safer experience by using information we receive from cookies on and off Meta, and provide and improve Facebook Products for people who have an account. {=m5}.","META_ADS_MANAGER_FOR_EXCEL":"We use cookies and similar technologies to provide and improve content on Facebook Products, provide a safer experience by using information we receive from cookies on and off Meta Ads Manager for Excel, and provide and improve Facebook Products for people who have an account. {=m5}.","META_AI":"We use cookies and similar technologies to provide and improve content on Facebook Products, provide a safer experience by using information we receive from cookies on and off Meta AI, and provide and improve Facebook Products for people who have an account. {=m5}.","META_CAREERS":"We use cookies and similar technologies to provide and improve content on Facebook Products, provide a safer experience by using information we receive from cookies on and off Meta Careers, and provide and improve Facebook Products for people who have an account. {=m5}.","META_HORIZON":"We use cookies and similar technologies to provide and improve content on Facebook Products, provide a safer experience by using information we receive from cookies on and off Meta Horizon, and provide and improve Facebook Products for people who have an account. {=m5}.","META_QUEST":"We use cookies and similar technologies to provide and improve content on Facebook Products, provide a safer experience by using information we receive from cookies on and off Meta Quest, and provide and improve Facebook Products for people who have an account. {=m5}.","META_SPARK":"We use cookies and similar technologies to provide and improve content on Facebook Products, provide a safer experience by using information we receive from cookies on and off Meta Spark, and provide and improve Facebook Products for people who have an account. {=m5}.","NOVI":"We use cookies and similar technologies to provide and improve content on Facebook Products, provide a safer experience by using information we receive from cookies on and off Novi, and provide and improve Facebook Products for people who have an account. {=m5}.","OCULUS":"We use cookies and similar technologies to provide and improve content on Facebook Products, provide a safer experience by using information we receive from cookies on and off Oculus, and provide and improve Facebook Products for people who have an account. {=m5}.","OFFICIAL_REQUESTS":"We use cookies and similar technologies to provide and improve content on Facebook Products, provide a safer experience by using information we receive from cookies on and off Official Requests, and provide and improve Facebook Products for people who have an account. {=m5}.","OVERSIGHTBOARD":"We use cookies and similar technologies to provide and improve content on Facebook Products, provide a safer experience by using information we receive from cookies on and off Oversight Board, and provide and improve Facebook Products for people who have an account. {=m5}.","PORTAL":"We use cookies and similar technologies to provide and improve content on Facebook Products, provide a safer experience by using information we receive from cookies on and off Portal, and provide and improve Facebook Products for people who have an account. {=m5}.","RECESS":"We use cookies and similar technologies to provide and improve content on Facebook Products, provide a safer experience by using information we receive from cookies on and off Recess, and provide and improve Facebook Products for people who have an account. {=m5}.","THREADS":"We use cookies and similar technologies to provide and improve content on Facebook Products, provide a safer experience by using information we receive from cookies on and off Threads, and provide and improve Facebook Products for people who have an account. {=m5}.","WHATSAPP":"We use cookies and similar technologies to provide and improve content on Facebook Products, provide a safer experience by using information we receive from cookies on and off WhatsApp, and provide and improve Facebook Products for people who have an account. {=m5}.","WITAI":"We use cookies and similar technologies to provide and improve content on Facebook Products, provide a safer experience by using information we receive from cookies on and off Wit.ai, and provide and improve Facebook Products for people who have an account. {=m5}.","WORK_ACCOUNTS":"We use cookies and similar technologies to provide and improve content on Facebook Products, provide a safer experience by using information we receive from cookies on and off Work Accounts, and provide and improve Facebook Products for people who have an account. {=m5}.","WORKPLACE":"We use cookies and similar technologies to provide and improve content on Facebook Products, provide a safer experience by using information we receive from cookies on and off Workplace, and provide and improve Facebook Products for people who have an account. {=m5}.","WORKROOMS":"We use cookies and similar technologies to provide and improve content on Facebook Products, provide a safer experience by using information we receive from cookies on and off Workrooms, and provide and improve Facebook Products for people who have an account. {=m5}."},"XErLtaYpGAM":{"BULLETIN":"Learn more about essential and optional cookies","COMET":"Learn more about essential and optional cookies","COMMERCE_PARTNER":"Learn more about essential and optional cookies","ELECTIONS_POLICY_COUNCIL":"Learn more about essential and optional cookies","ENTERPRISE":"Learn more about essential and optional cookies","FACEBOOK":"Learn more about essential and optional cookies","FACEBOOK_COMET":"Learn more about essential and optional cookies","FACEBOOK_UNCONNECTED_GAMES":"Learn more about essential and optional cookies","FORWORK_META":"Learn more about essential and optional cookies","IMAGINE":"Learn more about essential and optional cookies","INSTAGRAM":"Learn more about essential and optional cookies","MAPILLARY":"Learn more about essential and optional cookies","MESSENGER":"Learn more about essential and optional cookies","META":"Learn more about essential and optional cookies","META_ADS_MANAGER_FOR_EXCEL":"Learn more about essential and optional cookies","META_AI":"Learn more about essential and optional cookies","META_CAREERS":"Learn more about essential and optional cookies","META_HORIZON":"Learn more about essential and optional cookies","META_QUEST":"Learn more about essential and optional cookies","META_SPARK":"Learn more about essential and optional cookies","NOVI":"Learn more about essential and optional cookies","OCULUS":"Learn more about essential and optional cookies","OFFICIAL_REQUESTS":"Learn more about essential and optional cookies","OVERSIGHTBOARD":"Learn more about essential and optional cookies","PORTAL":"Learn more about essential and optional cookies","RECESS":"Learn more about essential and optional cookies","THREADS":"Learn more about essential and optional cookies","WHATSAPP":"Learn more about essential and optional cookies","WITAI":"Learn more about essential and optional cookies","WORK_ACCOUNTS":"Learn more about essential and optional cookies","WORKPLACE":"Learn more about essential and optional cookies","WORKROOMS":"Learn more about essential and optional cookies"},"Sm865wCULTD":"We use cookies to help personalize and improve content and services, serve relevant ads and provide a safer experience. You can review your cookie controls at any time. Learn more about cookie uses and controls in our {=m1}.","bTtsZ_UG5Ng":"Cookie Policy","x4vM0H4S1Lr":"We use cookies to help personalize and improve content and services and provide a safer experience. You can review your cookie controls at any time. Learn more about cookie uses and controls in our {=m1}.","MN7AP9Xl1o2":"Cookie Policy","KMW_9H5TECH":"You can learn more about cookies and how we use them, and review or change your choice at any time in our {=m1}.","5cYedkGyo-8":"Cookie Policy","b8a4nVK1xpr":"Learn more about essential and optional cookies","mMbkxt1ppiT":"You can allow the use of all cookies or just essential cookies.","Fu6eU3YmpiP":"Cookies from other companies","eyuOnev_jP0":"These cookies are required to use Facebook Company Products. They\u2019re necessary for these sites to work as intended.","HjE8a1cRUwm":"For advertising and measurement services off of Meta Products, analytics, and to provide certain features and improve our services for you, we use tools from other companies on Facebook. These companies also use cookies.","wySA2IvUglT":{"BULLETIN":"For advertising and measurement services off of Facebook Products, analytics, and to provide certain features and improve our services for you, we use tools from other companies on Bulletin. These companies also use cookies.","COMET":"For advertising and measurement services off of Facebook Products, analytics, and to provide certain features and improve our services for you, we use tools from other companies on Comet. These companies also use cookies.","COMMERCE_PARTNER":"For advertising and measurement services off of Facebook Products, analytics, and to provide certain features and improve our services for you, we use tools from other companies on Commerce Partner. These companies also use cookies.","ELECTIONS_POLICY_COUNCIL":"For advertising and measurement services off of Facebook Products, analytics, and to provide certain features and improve our services for you, we use tools from other companies on Elections Policy Council. These companies also use cookies.","ENTERPRISE":"For advertising and measurement services off of Facebook Products, analytics, and to provide certain features and improve our services for you, we use tools from other companies on Enterprise. These companies also use cookies.","FACEBOOK":"For advertising and measurement services off of Facebook Products, analytics, and to provide certain features and improve our services for you, we use tools from other companies on Facebook. These companies also use cookies.","FACEBOOK_COMET":"For advertising and measurement services off of Facebook Products, analytics, and to provide certain features and improve our services for you, we use tools from other companies on Facebook Comet. These companies also use cookies.","FACEBOOK_UNCONNECTED_GAMES":"For advertising and measurement services off of Facebook Products, analytics, and to provide certain features and improve our services for you, we use tools from other companies on Facebook Unconnected Games. These companies also use cookies.","FORWORK_META":"For advertising and measurement services off of Facebook Products, analytics, and to provide certain features and improve our services for you, we use tools from other companies on Forwork Meta. These companies also use cookies.","IMAGINE":"For advertising and measurement services off of Facebook Products, analytics, and to provide certain features and improve our services for you, we use tools from other companies on Imagine. These companies also use cookies.","INSTAGRAM":"For advertising and measurement services off of Facebook Products, analytics, and to provide certain features and improve our services for you, we use tools from other companies on Instagram. These companies also use cookies.","MAPILLARY":"For advertising and measurement services off of Facebook Products, analytics, and to provide certain features and improve our services for you, we use tools from other companies on Mapillary. These companies also use cookies.","MESSENGER":"For advertising and measurement services off of Facebook Products, analytics, and to provide certain features and improve our services for you, we use tools from other companies on Messenger. These companies also use cookies.","META":"For advertising and measurement services off of Facebook Products, analytics, and to provide certain features and improve our services for you, we use tools from other companies on Meta. These companies also use cookies.","META_ADS_MANAGER_FOR_EXCEL":"For advertising and measurement services off of Facebook Products, analytics, and to provide certain features and improve our services for you, we use tools from other companies on Meta Ads Manager for Excel. These companies also use cookies.","META_AI":"For advertising and measurement services off of Facebook Products, analytics, and to provide certain features and improve our services for you, we use tools from other companies on Meta AI. These companies also use cookies.","META_CAREERS":"For advertising and measurement services off of Facebook Products, analytics, and to provide certain features and improve our services for you, we use tools from other companies on Meta Careers. These companies also use cookies.","META_HORIZON":"For advertising and measurement services off of Facebook Products, analytics, and to provide certain features and improve our services for you, we use tools from other companies on Meta Horizon. These companies also use cookies.","META_QUEST":"For advertising and measurement services off of Facebook Products, analytics, and to provide certain features and improve our services for you, we use tools from other companies on Meta Quest. These companies also use cookies.","META_SPARK":"For advertising and measurement services off of Facebook Products, analytics, and to provide certain features and improve our services for you, we use tools from other companies on Meta Spark. These companies also use cookies.","NOVI":"For advertising and measurement services off of Facebook Products, analytics, and to provide certain features and improve our services for you, we use tools from other companies on Novi. These companies also use cookies.","OCULUS":"For advertising and measurement services off of Facebook Products, analytics, and to provide certain features and improve our services for you, we use tools from other companies on Oculus. These companies also use cookies.","OFFICIAL_REQUESTS":"For advertising and measurement services off of Facebook Products, analytics, and to provide certain features and improve our services for you, we use tools from other companies on Official Requests. These companies also use cookies.","OVERSIGHTBOARD":"For advertising and measurement services off of Facebook Products, analytics, and to provide certain features and improve our services for you, we use tools from other companies on Oversight Board. These companies also use cookies.","PORTAL":"For advertising and measurement services off of Facebook Products, analytics, and to provide certain features and improve our services for you, we use tools from other companies on Portal. These companies also use cookies.","RECESS":"For advertising and measurement services off of Facebook Products, analytics, and to provide certain features and improve our services for you, we use tools from other companies on Recess. These companies also use cookies.","THREADS":"For advertising and measurement services off of Facebook Products, analytics, and to provide certain features and improve our services for you, we use tools from other companies on Threads. These companies also use cookies.","WHATSAPP":"For advertising and measurement services off of Facebook Products, analytics, and to provide certain features and improve our services for you, we use tools from other companies on WhatsApp. These companies also use cookies.","WITAI":"For advertising and measurement services off of Facebook Products, analytics, and to provide certain features and improve our services for you, we use tools from other companies on Wit.ai. These companies also use cookies.","WORK_ACCOUNTS":"For advertising and measurement services off of Facebook Products, analytics, and to provide certain features and improve our services for you, we use tools from other companies on Work Accounts. These companies also use cookies.","WORKPLACE":"For advertising and measurement services off of Facebook Products, analytics, and to provide certain features and improve our services for you, we use tools from other companies on Workplace. These companies also use cookies.","WORKROOMS":"For advertising and measurement services off of Facebook Products, analytics, and to provide certain features and improve our services for you, we use tools from other companies on Workrooms. These companies also use cookies."},"C0jwUwnJbib":"You can allow the use of all cookies on this browser or you can choose more options. You can learn more about cookies and how we use them, and review or change your choice at any time in our {=m1}.","56dFQ6D0ITT":"Cookie Policy","UwScsEeQQgK":"We use cookies to understand, secure, operate, and provide our services.","14fpYvirGOp":"Learn more about uses and controls in our {=m1}.","IyGMwl3n7r5":"Cookie Policy","t48KQxlPQmz":"Your browser or device may offer settings that allow you to choose whether browser cookies are set and to delete them.","aqSqd5X04Rx":"These controls vary by browser, and manufacturers may change both the settings they make available and how they work at any time.","qnSdbux0VSv":"Additional information about the controls offered by popular browsers can be found at the links below.","XIXThJd3bwN":"Certain parts of WhatsApp Products may not work properly if you have disabled browser cookies.","duIdXy7c-py":"{=m0}","Lrn9bwSTeTv":"Google Chrome","inYk9TBsC2I":"{=m0}","UlogJdjSdST":"Internet Explorer","raIsZBP629w":"{=m0}","5nzLLWVQfYS":"Firefox","pRMkVcdQ8YE":"{=m0}","yUKrx9E7PIg":"Safari","NbIhAc5mCey":"{=m0}","LzeeBodQm4x":"Safari Mobile","xa_hJkU7KdW":"{=m0}","twvfEk-m9pI":"Opera","U1TmYxllFZ0":{"BULLETIN":"Cookies from Bulletin on this browser","COMET":"Cookies from Comet on this browser","COMMERCE_PARTNER":"Cookies from Commerce Partner on this browser","ELECTIONS_POLICY_COUNCIL":"Cookies from Elections Policy Council on this browser","ENTERPRISE":"Cookies from Enterprise on this browser","FACEBOOK":"Cookies from Facebook on this browser","FACEBOOK_COMET":"Cookies from Facebook Comet on this browser","FACEBOOK_UNCONNECTED_GAMES":"Cookies from Facebook Unconnected Games on this browser","FORWORK_META":"Cookies from Forwork Meta on this browser","IMAGINE":"Cookies from Imagine on this browser","INSTAGRAM":"Cookies from Instagram on this browser","MAPILLARY":"Cookies from Mapillary on this browser","MESSENGER":"Cookies from Messenger on this browser","META":"Cookies from Meta on this browser","META_ADS_MANAGER_FOR_EXCEL":"Cookies from Meta Ads Manager for Excel on this browser","META_AI":"Cookies from Meta AI on this browser","META_CAREERS":"Cookies from Meta Careers on this browser","META_HORIZON":"Cookies from Meta Horizon on this browser","META_QUEST":"Cookies from Meta Quest on this browser","META_SPARK":"Cookies from Meta Spark on this browser","NOVI":"Cookies from Novi on this browser","OCULUS":"Cookies from Oculus on this browser","OFFICIAL_REQUESTS":"Cookies from Official Requests on this browser","OVERSIGHTBOARD":"Cookies from Oversight Board on this browser","PORTAL":"Cookies from Portal on this browser","RECESS":"Cookies from Recess on this browser","THREADS":"Cookies from Threads on this browser","WHATSAPP":"Cookies from WhatsApp on this browser","WITAI":"Cookies from Wit.ai on this browser","WORK_ACCOUNTS":"Cookies from Work Accounts on this browser","WORKPLACE":"Cookies from Workplace on this browser","WORKROOMS":"Cookies from Workrooms on this browser"},"JC5_aK45mQJ":"Cookies help us provide, protect, and improve our site by personalizing content and providing a safer experience.","tnOdDVLCmhE":"We use cookies to keep you logged in as you navigate between pages. They also help us remember your browser so you don\u2019t have to keep logging in.","Tn32kUSTDs9":"How Meta uses cookies on this browser","XvmUCE2J3Iy":"Acknowledge use of cookies","dI-lPFXLB33":"OK","Nk-l1n7B8J0":"Accept All","aZOuIQGxZce":"Cookie consent","INE93oJUcXa":"We use cookies to help personalize and improve content and services, serve relevant ads and provide a safer experience. You can review your cookie controls at any time. Learn more about cookie uses and controls in our {=m1}.","fkugzXuQkC-":"Manage Data Settings","KJ9BpmLEozf":"Active now","_H_8HkZmS8j":"Active {time} ago","XpvJmcPfz_-":"This conversation is muted. Chat tabs will not pop up for it and push notifications are off.","SvUIYrDirw-":"Broadcast channel","YqlBHec3EKS":{"*":"members","_1":"member"},"e_CSXZOMSHT":"Social channel","auWIPhKvwTb":{"*":"{number} members","_1":"1 member"},"T0e3ZJkGlxz":{"*":"{playback rate}x"},"9kaBCOd2SjE":"{Platform Name} User","v6nfNn2Wv-y":"Back","UWjxpCaN-z9":"Missed call","6QBjd4SVwsL":"Your channels","jyy97B7ulae":"Search messages for {param}","SQMsXxQB2ND":{"*":"New message requests","_1":"New message request"},"jhOYdnXiHj7":{"someone":"From someone you may know","people":"From people you may know"},"Lhb1JePxKuz":"From {name}","CG_5_9rh3Rj":"From {name} and {count} more","ThY36iiMiSm":"Accept invite","IQ1-ytNyqLB":"Decline invite","2MhSP-AMGlO":"Seen by {=personName}","jJBaERf_iKB":{"*":"Seen by {=numPeople} people"},"tNF5MX9GoB5":"You declined the invitation to join","cS8t2sI0Htu":"Event {month} {day} at {time}","ny3UpSYZ8bI":"Event {day of week} at {time}","USFKplv1Ozv":"Event tomorrow at {time}","3T2JoQLM2nn":"Event today at {time}","2gXijGJL5uw":"Event happening now","J5Yn1Tsi1-V":"Event has passed","Hkglfueb2S7":"Conversation titled {name of conversation}","Bc4odEiE4Gu":"Conversation with {participant list}","3PKwp9RcWIR":"Couldn't join chat. Please try again later.","_pGoCDzgM84":"Joining chat...","fyt3EBzeQRx":"Jobs","eMlnaQRXRvN":{"*":"{value} B"},"3UzqYHovNJr":{"*":"{value} KB"},"_CyxwP2Ni02":{"*":"{value} MB"},"B5cUSs7YWey":{"*":"{value} GB"},"7EGP9din_0A":{"*":"{value} TB"},"ghfLx6_Ho7n":{"*":"{value} PB"},"osT4Py2kL4R":{"*":"{value} EB"},"eNXhBWlfP6b":"Link copied","grx-CiLu-4Q":"AI info","m5P-u-BSHgt":"Altered media","MMwXoLKk349":"Altered photo","i1O1Uvt1vZ6":"Cruel content","MnSycojlY-Q":"False information","CYwjewQWzi8":"Partly false","RL7VH1G5kZU":"Missing context","sovQqayBAJd":"Sensitive content","zDjOAdn9yE8":"View post for more info","k6bhcm2tjqK":"Error loading media","CsGZwNmXaIO":"One image attached","i_Icu0jTUQc":"One image attached, titled {title of image}","rzmjU77gEOx":"One audio file attached","17xDOMabwon":"One file attached","FWMIh-m_eI7":"One file attached, named {name of file}","_wsnXxs9YQH":{"*":"{number} images attached","_1":"One image attached"},"0TMOPValyqo":"One sticker attached","19lTPiBl0z4":"One sticker attached, titled {title of sticker}","PpAv-1cm1Lu":"One unsupported attachment attached","0rNBSLJGEDI":"One video attached","sBZdmUKngae":"One rich content attachment attached","MhlSSR-HAo-":"Sent a GIF.","sneme5ilsA3":"Sent a voice message.","rJoRAJ9mF9b":"Sent a file.","Ibrf8gnq3av":{"*":"Sent {number} photos.","_1":"Sent a photo."},"Vb2pqIGTqSg":"Sent a sticker.","8Hc2peCfGcd":"Sent an attachment.","ec67IIVPulv":"Sent a video.","zia6hGr6i8P":"No Network Connection","PjKFkAw4Nck":"Your browser appears to be offline. Please check your internet connection and try again.","SUtyZBh0Rzk":"Redirection","StinKHRkRou":"Your access to Facebook was redirected or blocked by a third party at this time, please contact your ISP or reload.","zR4dpqEC6W7":"Oops","7UBdKMXdKi6":"Something went wrong. We're working on getting this fixed as soon as we can. You may be able to try again."},"virtual_modules":["AdsOsmipChatConstants.react$fbt_virtual","AdsOsmipChatMessageFeedbackButton.react$fbt_virtual","CometMessengerComposerInner.react$fbt_virtual","FDSPressableFacepile.react$fbt_virtual","IGDDisappearingMessagesStrings$fbt_virtual","MWChatFilePreview.react$fbt_virtual","MAWEphemeralMessageTimer.react$fbt_virtual","MAWLinkPreviewCard.react$fbt_virtual","useMWLSShowPaymentDetails$fbt_virtual","MWChatXmaThirdPartyActionHandler$fbt_virtual","MWChannelPromptContributionsDialogFallback.react$fbt_virtual","MWRollcallContributionsDialogFallback.react$fbt_virtual","useMWXMAInformedAttachmentLabel$fbt_virtual","MWXMAAttachmentItemMainText.react$fbt_virtual","MWXMAEarlyAccessOverlay.react$fbt_virtual","MWXMALivePill.react$fbt_virtual","MWXMALiveOverlay.react$fbt_virtual","MWXMAAttachmentItemFBStoryPreview.react$fbt_virtual","MWXMAPrivateAttachment.react$fbt_virtual","MWXMAAttachmentHorizontalItems.react$fbt_virtual","MWChannelPromptTimerPill.react$fbt_virtual","MWRollCallTimerPill.react$fbt_virtual","MAWUnavailablePlaceholder.react$fbt_virtual","MAWUnavailableStoryPlaceholder.react$fbt_virtual","MAWSecurePlaceholder.react$fbt_virtual","MWV2ChatVideo.react$fbt_virtual","MWMessageListAttachment.react$fbt_virtual","MWV2ChatFileV2.react$fbt_virtual","MWV2ChatImagesGrid.react$fbt_virtual","MWV2UnsupportedAttachment.react$fbt_virtual","MWMessageDeliveryStatus$fbt_virtual","MWPMessageListRowWithKeyboardInteractions.react$fbt_virtual","MWV2AdminMsgBMGenAIConsumerDisclaimerLearnMore.react$fbt_virtual","MWV2AdminMsgDMLearnMore.react$fbt_virtual","MWV2AdminMsgE2EEDescription.react$fbt_virtual","MWV2AdminMsgICDC.react$fbt_virtual","MWXMessageReplyBubble.react$fbt_virtual","MWRepliesAttachment.react$fbt_virtual","MWRepliesExpired.react$fbt_virtual","MWRepliesMedia.react$fbt_virtual","MWRepliesRemoved.react$fbt_virtual","MWRepliesSticker.react$fbt_virtual","MWRepliesStory.react$fbt_virtual","MWV2MessageProfilePhotoContent.react$fbt_virtual","MWV2ReplyError.react$fbt_virtual","MWV2ChatReactionsTooltip.react$fbt_virtual","MWMessageReactionsContainer.react$fbt_virtual","MWPMessageReactions.react$fbt_virtual","MWV2ChatErrorBubble.react$fbt_virtual","useMAWUnsendContentInSecureThread$fbt_virtual","MWV2ChatUnsentMessage.react$fbt_virtual","MWMessageUnsentTimestampText.react$fbt_virtual","MWV2MessageTimestampTooltip.react$fbt_virtual","MWMustacheTextInformTreatment.react$fbt_virtual","MWMustacheText$fbt_virtual","MWPinnedMessageDropdownButton.react$fbt_virtual","MWClickToRevealMustacheText.react$fbt_virtual","MWMessageDeliverySentTimestamp$fbt_virtual","MWV2ChatSeenHeadsRow.react$fbt_virtual","MWV2MessageEndOfGroupContentTextOnly.react$fbt_virtual","MWHighlyForwardedIndicator.react$fbt_virtual","MWPForwardedContent$fbt_virtual","MWEditedEyebrowLabel.react$fbt_virtual","MWEditedEyebrow.react$fbt_virtual","MWPAccessibleEyebrowsText.react$fbt_virtual","MWPMessageAdModOrHostText.react$fbt_virtual","MWPMessageEyebrows.react$fbt_virtual","MWPMessagePinnedText.react$fbt_virtual","useMWReplySnippetContent$fbt_virtual","MWChatMessageUnreadIndicator.react$fbt_virtual","MWContextBannerChannelActivationPrompt.react$fbt_virtual","MWContextBannerEndToEndEncryptedBanner.react$fbt_virtual","MWPWebWorkerDisconnectedBanner.react$fbt_virtual","MWContextBanner.react$fbt_virtual","MWJumpToMostRecentMessageButton.react$fbt_virtual","MWPTypingIndicators.react$fbt_virtual","useMWPAriaLabelForMessageListGrid$fbt_virtual","MWPAudioPlayerLabels$fbt_virtual","MWPAudioPlaybackButton.react$fbt_virtual","MWPAudioPlayerScrubberBar.react$fbt_virtual","MWPAudioPlayerHighlight.react$fbt_virtual","MWPAudioPlayerKeyCommands.react$fbt_virtual","MAWSecureThreadNonAddressableContactBannerCloseButton.react$fbt_virtual","getMAWNonAddressableContactBannerStrings$fbt_virtual","MWXComposerAttachmentPreview.react$fbt_virtual","MWXComposerEmojiButton.react$fbt_virtual","MWV2ComposerEditContainer.react$fbt_virtual","MWChatReplyText.react$fbt_virtual","MWV2ComposerReplyView.react$fbt_virtual","MWV2ComposerMenuButtonTrigger.react$fbt_virtual","MWV2ComposerSendButton.react$fbt_virtual","MWV2ComposerEmojiButton.react$fbt_virtual","MWV2ComposerFileButton.react$fbt_virtual","MWV2ComposerGifButton.react$fbt_virtual","MWV2ComposerPlusButton.react$fbt_virtual","MWV2ComposerMediaStagingItem.react$fbt_virtual","MWV2ComposerMediaStaging.react$fbt_virtual","useMWComposerAriaDescribedBy$fbt_virtual","MWV2ComposerView.react$fbt_virtual","MWChatFilePreProcessingErrorDialog.react$fbt_virtual","MWChatFilePreProcessingErrorToast.react$fbt_virtual","MWChatFileUploadErrorDialog.react$fbt_virtual","MWV2FileDropzone.react$fbt_virtual","MAWSecureComposer.react$fbt_virtual","MW3PBotCommandsPill.react$fbt_virtual","MWCMAutoJoinNotifNUX.react$fbt_virtual","MWChatComposerVoiceIndicator.react$fbt_virtual","MWPChatConnectionStatusCard.react$fbt_virtual","MWChatUnavailableComposer.react$fbt_virtual","MWChatXACSunsettingBanner.react$fbt_virtual","MWCollapsibleAdminMessages.react$fbt_virtual","MWCommandsComposerPluginCommandList$fbt_virtual","MWPArmadilloLoadingStateMessage.react$fbt_virtual","MWPSafetyNoticesChatBlockedComposerDetails.react$fbt_virtual","MWMessageRequestComposerBanner.react$fbt_virtual","MWReQLMessageRequestComposerBanner.react$fbt_virtual","MWV2ErrorComposer.react$fbt_virtual","MWXACSunsettedComposer.react$fbt_virtual","useMWPBlockedComposerConfiguration$fbt_virtual","MWV2DisabledPageComposer.react$fbt_virtual","useMWPFeatureLimitComposerBlockHeaderText$fbt_virtual","MWPFeatureLimitsBlockedComposer.react$fbt_virtual","MWCopyLinkPublicChatQuickAction.react$fbt_virtual","MWShareThreadQuickActionButton.react$fbt_virtual","MWContextBannerQuickActions.react$fbt_virtual","MWEBRestoreGapUI.react$fbt_virtual","MWEBRestoreInThreadScrollPersistentBanner.react$fbt_virtual","MWInboxPinnedMessagesBanner.react$fbt_virtual","MWMessageListProtectedMedia.react$fbt_virtual","MWMessageSeenCountTooltip.react$fbt_virtual","MWMustacheMediaGroupAttachments.react$fbt_virtual","MWMustacheTextAttachmentError.react$fbt_virtual","MWThreadNullstateGreetingAndInstruction.react$fbt_virtual","MWThreadNullstatePrivacyText.react$fbt_virtual","MWPNewMessageAnnouncementForScreenReaders.react$fbt_virtual","MWPublicChatMemberRequestsBanner.react$fbt_virtual","MWV2ChatHotlikeButtonV2.react$fbt_virtual","useCheckMessageIntegrityForSecureThread$fbt_virtual","TimestampUtils$fbt_virtual","MWChatPromptFlyoutCTAButton.react$fbt_virtual","MWChatPromptFlyoutDisclaimer.react$fbt_virtual","MWChatPromptFlyoutErrorMessage.react$fbt_virtual","MWChatPromptFlyoutPromptTypeSelector.react$fbt_virtual","MWChatPromptFlyout.react$fbt_virtual","MWV2ChatRTCButtonsAudio.react$fbt_virtual","MWV2ChatRTCButtonsJoinExistingChat.react$fbt_virtual","MWV2ChatRTCButtonsVideo.react$fbt_virtual","MWV2ComposerPollButton.react$fbt_virtual","MWV2ComposerPromptButton.react$fbt_virtual","MWV2ComposerStickerCommon$fbt_virtual","MWV2ComposerVoiceClipButton.react$fbt_virtual","MercuryTimestamp$fbt_virtual","MessengerHotLikeSVGReact.bs$fbt_virtual","Sticker.react$fbt_virtual","CometHideLayerOnEscape.react$fbt_virtual","FDSIcon.react$fbt_virtual","FDSDialogHeader.react$fbt_virtual","FDSDialogLoadingStateHeader.react$fbt_virtual","FDSDialogLoadingState.react$fbt_virtual","handleCometErrorCodeSideEffects$fbt_virtual","MAWEndToEndEncryptionKeysSection.react$fbt_virtual","MAWEphemeralMessagesSettingsSectionButton.react$fbt_virtual","MAWInboxInfoPrivacyAndSupportSectionUnmuteThreadButton.react$fbt_virtual","MWAPPlusInboxNullStateWithIllustration.react$fbt_virtual","MWCMEditChatInfo.react$fbt_virtual","MWCMInboxDeleteButton.react$fbt_virtual","MWInboxDetailCommunityNullState.react$fbt_virtual","MWInboxNullStateWithIllustration.react$fbt_virtual","MWCMInboxInfoGroupReportAdminButton.react$fbt_virtual","MWCMInboxInfoPauseButton.react$fbt_virtual","MWInboxInfoEditChannel.react$fbt_virtual","MWInboxInfoEditEmoji.react$fbt_virtual","MWInboxInfoEditNicknames.react$fbt_virtual","MWV2EditPhotoUploader.react$fbt_virtual","MWInboxInfoEditPhoto.react$fbt_virtual","MWInboxInfoEditTheme.react$fbt_virtual","MWInboxInfoEditThreadName.react$fbt_virtual","MWInboxInfoActionsSection.react$fbt_virtual","MWInboxInfoEncryptionPill.react$fbt_virtual","MWInboxInfoQuickActions.react$fbt_virtual","MWInboxInfoDetailsSection.react$fbt_virtual","MWInboxInfoGroupInfoSectionWrapper.react$fbt_virtual","MWInboxInfoMembersSection.react$fbt_virtual","MWInboxInfoPendingRequestsSection.react$fbt_virtual","MWInboxInfoIgnoreMessages.react$fbt_virtual","MWInboxInfoMessengerRestrict.react$fbt_virtual","MWInboxInfoFRXListCell.react$fbt_virtual","MWInboxInfoFRXListCellOverflow.react$fbt_virtual","getMWInboxInfoReportMessageItems.react$fbt_virtual","MWInboxInfoPrivacyAndSupportSection.react$fbt_virtual","MWInboxInfoSharedContentSection.react$fbt_virtual","MWCMInboxLeftRailSidebarButton.react$fbt_virtual","MWCMInboxLeftRailSidebarArchivedButton.react$fbt_virtual","MWCMInboxLeftRailSidebarBusinessSupportButton.react$fbt_virtual","MWCMInboxLeftRailSidebarHomeButton.react$fbt_virtual","MWCMInboxLeftRailSidebarMarketplaceButton.react$fbt_virtual","MWCMInboxLeftRailSidebarMessageRequestsButton.react$fbt_virtual","MWCMInboxLeftRailSidebarFolder.react$fbt_virtual","MWCMInboxLeftRailSidebarFolderList.react$fbt_virtual","MWCMProfilePhotoMenu.react$fbt_virtual","MWFamilyCenterEnforcementPage.react$fbt_virtual","MWDailyTimeLimit.react$fbt_virtual","MWScheduledBreak.react$fbt_virtual","useRecurringNotificationsOptinDialog$fbt_virtual","MWInbox3PBotCommandsSection.react$fbt_virtual","MWUserControlButton.react$fbt_virtual","MWInboxHeaderButtons.react$fbt_virtual","MWInboxSearchHeader.react$fbt_virtual","MWInboxInfoCopyLinkPublicChat.react$fbt_virtual","getLoadingStateAriaProps$fbt_virtual","CometTransientDialogProvider.react$fbt_virtual","CometTypeaheadBackButton.react$fbt_virtual","MDSDiagonalFacepilePhoto.react$fbt_virtual","MWCMInboxHeaderCommunityGroupName.react$fbt_virtual","MWMetaAiCircleButton.react$fbt_virtual","MWCMInboxLeftRailHeaderAuxiliary.react$fbt_virtual","MWChatSearchTypeaheadCreateCommunityChatActionButtonViewItem.react$fbt_virtual","MWChatTemporarySearchResultUtils$fbt_virtual","MWInboxHeaderDetails.react$fbt_virtual","MWInboxLeftRailHeader.react$fbt_virtual","MWTypeaheadInboxRoundedStrategy.react$fbt_virtual","MWJewelSearchEmptyState.react$fbt_virtual","MWJewelSearchTypeaheadViewItem.react$fbt_virtual","MWInboxLeftRailSearchSubscriptionTypeahead.react$fbt_virtual","MWInboxLeftRailSearch.react$fbt_virtual","MWMultiThreadNullState.react$fbt_virtual","MWMultiThreadSearchInput.react$fbt_virtual","MWMessageSearchResults.react$fbt_virtual","MWThreadListNewMessage.react$fbt_virtual","MWInboxHomeRoot.react$fbt_virtual","MWMessageSearchResultsStatusOrUpsell.react$fbt_virtual","MWMultiThreadSearchHeader.react$fbt_virtual","CometBackOnEsc.react$fbt_virtual","CometPushViewBackButton.react$fbt_virtual","CometPushViewCloseButton.react$fbt_virtual","checkForKeyCommandConflictUtil$fbt_virtual","ariaGlimmerProps$fbt_virtual","makeCometDarkModeStateProvider.react$fbt_virtual","MessengerCometPushViewCloseButton.react$fbt_virtual","useCometOutdatedBrowserBanner$fbt_virtual","buildCometRouter$fbt_virtual","MessengerCometErrorRoot.react$fbt_virtual","NotificationPermissionNoticeCometUpdated.react$fbt_virtual","MAWBridgeGroupInviteLoadedHandler$fbt_virtual","MAWThreadDefaults$fbt_virtual","MAWBridgeOneToOneMessageRequestLoadedHandler$fbt_virtual","MAWBridgeParticipantUpdatedHandler$fbt_virtual","MAWBridgeParticipantsUpdatedHandler$fbt_virtual","MWInboxLayout.react$fbt_virtual","FbtErrorListenerWWW$fbt_virtual","fbt$fbt_virtual","CDSInlinePressableText.react$fbt_virtual","FDSProgressStepper.react$fbt_virtual","CometNUXInlineSurvey.react$fbt_virtual","CometNUXTourCard.react$fbt_virtual","CometNUXTourOverlay.react$fbt_virtual","CometClientConsistency$fbt_virtual","FDSMultiStepDialogHeader.react$fbt_virtual","useCometSwitchLocale$fbt_virtual","CometCookieConsentLanguagesMenuTrigger.react$fbt_virtual","WorkCometCookieConsentDialogText$fbt_virtual","CometCookieConsentStrings$fbt_virtual","CometCookieControlsStrings$fbt_virtual","CometCookieConsentDialog.react$fbt_virtual","MessengerCookieConsentCustomization$fbt_virtual","LSPresenceStatusText.react$fbt_virtual","MWChatHeaderDetailsSubtitleMutedIcon.react$fbt_virtual","MWPPresenceBadge.react$fbt_virtual","MWInboxHeaderBroadcastChannelSubText.react$fbt_virtual","MWInboxHeaderPublicChatSubText.react$fbt_virtual","MWPAudioPlaybackContext.react$fbt_virtual","MWPAudioPlayerUtils$fbt_virtual","useStringWithSubstitutions$fbt_virtual","CometTopNavListDropdownTitle.react$fbt_virtual","MAWStrings$fbt_virtual","MWChatSearchFetchCCRecommendations$fbt_virtual","MWStaticSearchEntries$fbt_virtual","MWJewelMessageRequestsThread.react$fbt_virtual","MWPThreadListItemInviteAddOn.react$fbt_virtual","MWThreadAddOnSecondary.react$fbt_virtual","MWThreadListItemAddOnEnd.react$fbt_virtual","MWThreadListLastMessage.react$fbt_virtual","getMWLSThreadEventTimeSnippetForDisplay$fbt_virtual","useMWAriaLabelForThread$fbt_virtual","useOnPressMWThreadListItem$fbt_virtual","MWThreadListItem.react$fbt_virtual","MWThreadListJobsItem.react$fbt_virtual","formatFileSize$fbt_virtual","MWFileUtils$fbt_virtual","MWCMLinkShare.react$fbt_virtual","MWCMShortLinkShare.react$fbt_virtual","MWInformedTreatment.react$fbt_virtual","MWV2AttachmentErrorPlaceholder.react$fbt_virtual","MWV2AttachmentErrorPlaceholderV2.react$fbt_virtual","MWV2ChatImage.react$fbt_virtual","MWV2AttachmentErrorPlaceholderWithBlurImage.react$fbt_virtual","getMWPAttachmentMessageAnnouncement$fbt_virtual","AsyncRequest$fbt_virtual"]}